loan_id, no_of_dependents, education, self_employed, income_annum, loan_amount, loan_term, cibil_score, residential_assets_value, commercial_assets_value, luxury_assets_value, bank_asset_value, loan_status
1,3, Not Graduate, No,1928096,603574,18,402,5580824,1642686,4545709,1125136, Rejected
2,4, Graduate, Yes,8936347,1477671,8,735,25529452,4652764,12163008,6339550, Approved
3,3, Graduate, No,9060935,4922825,12,570,22316846,7359729,6689519,6473168, Approved
4,4, Not Graduate, Yes,7867105,2555962,16,406,23430754,8342968,11995648,5238395, Rejected
5,0, Graduate, Yes,2894946,571205,16,371,5388090,3405991,3467172,982808, Rejected
6,4, Graduate, No,4429215,1257364,10,320,12875377,5226599,5534967,598412, Rejected
7,1, Graduate, Yes,2122135,651633,10,421,1462177,2018698,3698162,1082310, Rejected
8,4, Not Graduate, No,7221855,3710364,12,766,10213160,9934872,13991883,6513221, Approved
9,2, Not Graduate, Yes,1178039,549917,20,514,1252789,1487427,849610,721604, Rejected
10,1, Graduate, Yes,9488493,4598621,14,630,9389648,11235918,5419641,8057172, Approved
11,0, Graduate, No,9197354,970464,20,758,7836213,2504321,22889092,9128023, Approved
12,1, Graduate, Yes,7552207,2326661,14,387,15527595,1577968,7291328,1867317, Rejected
13,2, Not Graduate, No,699876,238428,8,672,1717009,333267,425287,505730, Approved
14,0, Graduate, Yes,2162165,236964,12,399,4207023,2297474,1902166,1528357, Rejected
15,3, Graduate, Yes,8185620,1881928,14,430,7100262,6012802,4730598,8037950, Rejected
16,2, Not Graduate, Yes,811213,389499,10,608,2050591,586610,1041290,800700, Approved
17,0, Graduate, Yes,968734,163284,10,643,2024544,1307755,2038994,695561, Approved
18,4, Not Graduate, Yes,7950575,2923069,4,791,11690638,10846426,9401466,2538247, Approved
19,1, Not Graduate, Yes,4441361,922030,14,713,9705820,6137640,6166238,3636143, Approved
20,0, Not Graduate, Yes,5711174,605729,12,685,6566493,3472630,10572374,1121253, Approved
21,1, Graduate, No,2039433,449900,2,491,2779707,2240057,3095427,1636908, Rejected
22,4, Graduate, Yes,6769632,3980116,8,576,18912419,3744440,15048156,6222486, Approved
23,0, Not Graduate, Yes,3872214,1939083,6,460,4748346,1733949,8643057,1721392, Rejected
24,3, Graduate, Yes,2226580,1290945,6,759,3729456,979744,1157423,1486401, Approved
25,2, Not Graduate, No,7429039,2555047,14,613,20246752,4789797,15274792,3618896, Approved
26,0, Graduate, No,7707324,1193618,20,321,17490256,5849434,10955708,3807329, Rejected
27,4, Not Graduate, Yes,6402258,2394314,8,552,4196731,8196387,15862753,2428592, Approved
28,0, Not Graduate, Yes,4539235,1485186,16,860,3941225,1615325,6656625,3567460, Approved
29,1, Graduate, Yes,3726737,1946022,18,774,1936427,4305885,9219171,3512669, Approved
30,5, Graduate, No,8990529,1339960,6,358,18676066,8009584,18063219,8511115, Rejected
31,0, Graduate, Yes,2208960,760148,10,810,3576711,1268669,2202796,568372, Approved
32,3, Graduate, No,4655214,814775,8,775,3890302,3913477,7340294,4130428, Approved
33,0, Not Graduate, Yes,8676563,2276191,20,489,25117220,5118518,21554936,6626189, Rejected
34,2, Not Graduate, No,7118889,3336470,12,862,12985916,6940251,15768774,2331818, Approved
35,0, Graduate, No,4016446,1357595,20,866,4437101,3068553,2790360,644865, Approved
36,5, Graduate, Yes,3576513,1029835,8,543,6264294,1479700,6840953,1220297, Rejected
37,1, Not Graduate, Yes,2137878,635458,16,804,4701302,751588,2546552,1968958, Approved
38,0, Graduate, Yes,6393956,2108236,6,430,4415653,5823003,3286266,4283060, Rejected
39,3, Graduate, Yes,1905215,938334,10,784,2261032,2616121,2490043,1426909, Approved
40,4, Graduate, Yes,5637149,3078122,2,320,14191036,3648052,5465265,1868360, Rejected
41,0, Graduate, Yes,7471476,4316027,12,466,12321675,8613865,15972062,5584549, Rejected
42,0, Not Graduate, Yes,6629611,3271392,10,573,12373790,7002591,7787546,830752, Approved
43,2, Not Graduate, No,3466402,893303,16,687,5483986,4891167,7470260,1517553, Approved
44,3, Graduate, Yes,8321849,3695461,18,615,5074246,10546073,4170876,5526356, Approved
45,5, Not Graduate, Yes,8304789,2647579,16,313,7593686,7778156,9265140,1922449, Rejected
46,4, Graduate, No,4308880,979560,16,541,6953903,4542161,4232743,3622489, Rejected
47,1, Graduate, Yes,5699593,2966272,6,645,5830476,7796486,5512274,1775583, Approved
48,0, Graduate, Yes,4461946,531922,8,864,2788482,3209809,2839463,3065593, Approved
49,5, Not Graduate, Yes,290093,159806,8,639,756888,181259,253613,134799, Approved
50,4, Not Graduate, Yes,1932465,639141,10,391,5706533,413652,3113392,1229896, Rejected
51,1, Not Graduate, No,3373584,1412184,18,666,8376127,4299688,3652654,663602, Approved
52,5, Not Graduate, No,3059244,1314486,18,754,8059462,3797362,4083446,352490, Approved
53,3, Not Graduate, Yes,1086040,594670,20,727,1200012,364682,1361605,997645, Approved
54,3, Graduate, Yes,522918,218754,2,808,1517281,496727,1177511,179186, Approved
55,4, Graduate, No,2445909,995403,16,334,2427110,1964495,5651512,2048960, Rejected
56,1, Not Graduate, Yes,316739,42229,2,505,911756,112227,470646,316553, Rejected
57,3, Not Graduate, No,9875193,3547208,4,380,29497677,14563329,11458303,2866651, Rejected
58,4, Not Graduate, No,9368924,1640353,14,861,21354654,4488695,6685677,3172820, Approved
59,3, Graduate, No,1214929,569457,16,687,3587514,349175,2924098,846287, Approved
60,3, Not Graduate, Yes,2620564,933211,2,301,5041570,2550599,1625939,2539074, Rejected
61,5, Graduate, Yes,8777064,3862907,6,689,10083569,10186016,9613523,8112051, Approved
62,5, Graduate, Yes,2853093,344757,14,865,4543521,690952,3127367,1576584, Approved
63,3, Not Graduate, No,3503457,498878,18,405,6950516,3700816,3996752,2857416, Rejected
64,2, Graduate, Yes,6088997,2789745,16,776,4156982,5431260,5045182,1352800, Approved
65,5, Graduate, Yes,7144121,971901,16,701,14687299,2387883,14762060,6999055, Approved
66,1, Not Graduate, No,6438795,873283,18,855,19013404,2731858,4796874,6232225, Approved
67,4, Graduate, Yes,4967348,526808,20,461,4844501,4661193,8791278,1228703, Rejected
68,4, Not Graduate, Yes,916756,530114,6,501,2274918,536545,685451,338723, Rejected
69,1, Graduate, Yes,8639834,4049958,16,569,23930154,12266926,5538749,1642773, Approved
70,1, Not Graduate, No,6990968,1933881,2,570,19988953,8839116,16211069,2408708, Approved
71,1, Not Graduate, Yes,3951198,980955,16,755,11459813,5842389,3478071,3296722, Approved
72,1, Graduate, No,7569434,2080471,14,761,13652602,4069116,16217514,3334214, Approved
73,0, Not Graduate, No,3338145,1626767,16,551,9825061,4875830,5305186,599388, Approved
74,4, Graduate, No,1426476,614362,2,595,3413950,1084983,935358,582006, Approved
75,0, Graduate, Yes,4384056,844359,12,637,3963969,2857415,10569504,4310601, Approved
76,3, Not Graduate, Yes,9160820,1713574,14,352,15502400,2431779,9105143,6107658, Rejected
77,3, Graduate, Yes,1700844,253762,10,516,3904845,456837,3774667,807126, Rejected
78,4, Not Graduate, No,9517776,4094084,10,487,10644212,10465885,7972279,2378346, Rejected
79,3, Graduate, No,3643609,1756898,14,679,7657182,2897790,8044672,3598279, Approved
80,1, Graduate, Yes,8952084,2081567,6,792,19394700,4426609,4712892,7508686, Approved
81,0, Not Graduate, No,1600283,176787,12,340,1451055,1597340,2438128,565427, Rejected
82,1, Graduate, Yes,6127613,864519,14,456,11720366,3239764,12493499,999179, Rejected
83,3, Graduate, Yes,891757,520723,2,314,2166137,847990,2113099,134622, Rejected
84,5, Graduate, Yes,590719,146334,4,364,1032127,393992,1369525,123070, Rejected
85,0, Graduate, Yes,9738555,4719416,8,820,5163944,12373982,20833201,6064117, Approved
86,1, Graduate, Yes,7054453,2908775,16,643,3686630,8937321,16058634,6602171, Approved
87,4, Graduate, Yes,3537920,1029427,20,428,4926813,2903059,3178606,1935486, Rejected
88,1, Graduate, Yes,3496050,709151,12,771,9843076,2293635,3735070,3001886, Approved
89,5, Graduate, No,2318324,372538,2,362,2484529,1556355,2499007,1162171, Rejected
90,3, Not Graduate, Yes,7027299,2863669,20,438,14658307,8766055,8812990,5184215, Rejected
91,0, Graduate, No,6447794,3142118,10,798,6803645,4040402,8295998,4891847, Approved
92,4, Graduate, No,8117596,3425236,14,892,10586765,3829696,12899758,2082709, Approved
93,0, Not Graduate, Yes,5102666,1863243,12,691,13369521,1582310,4182959,2169115, Approved
94,4, Not Graduate, No,1076031,130173,18,718,2498709,868035,2025621,724784, Approved
95,0, Not Graduate, No,6432739,3758291,16,588,4750566,5318406,5372193,1052569, Approved
96,3, Graduate, No,1470896,734502,8,678,2311888,1902135,1648311,625698, Approved
97,4, Not Graduate, Yes,1259622,310384,10,789,721668,614204,1897860,732242, Approved
98,2, Not Graduate, Yes,4622375,2727132,14,530,7868323,3213884,9674081,4606668, Rejected
99,0, Graduate, Yes,578165,231809,16,340,1246572,723242,1144152,304739, Rejected
100,0, Graduate, Yes,9297270,3637197,10,327,7403012,11814140,16652049,7758117, Rejected
101,1, Not Graduate, Yes,4331479,2053279,18,434,5293987,3032011,3515196,2117489, Rejected
102,4, Not Graduate, No,9600725,4856861,20,500,14349162,7650445,15304426,7841407, Rejected
103,5, Graduate, No,9233796,3954274,8,332,25843802,5487383,6231824,5871524, Rejected
104,2, Graduate, Yes,615008,100890,8,347,1834653,868588,771666,552237, Rejected
105,3, Graduate, No,1831993,493051,16,802,1121689,648959,2431115,860758, Approved
106,1, Graduate, No,3551278,2003069,2,706,8532015,5021060,2058401,2286575, Approved
107,2, Graduate, No,2542035,539693,16,873,3633356,2768343,2663992,1695580, Approved
108,4, Not Graduate, No,8178450,2339719,10,398,12113474,7287357,19720687,3890035, Rejected
109,2, Graduate, Yes,5903394,1865699,2,846,14083505,1431317,14211035,1357077, Approved
110,0, Graduate, Yes,7440947,2378889,8,761,20805379,6088741,8963767,1370648, Approved
111,0, Graduate, Yes,2968362,1206549,4,304,8540931,2167119,1740054,341374, Rejected
112,1, Graduate, No,1370365,783215,8,517,2662353,561280,1176033,1214391, Rejected
113,4, Graduate, No,9268026,2042175,16,802,12908533,9762312,11904182,2899292, Approved
114,4, Not Graduate, Yes,9703201,1559796,10,697,23955968,14190894,23244594,2817383, Approved
115,2, Graduate, Yes,9815560,1950697,2,692,11067077,9136769,7679675,7483695, Approved
116,1, Not Graduate, No,6131161,3332055,14,506,11711652,6923179,12428057,2378979, Rejected
117,4, Graduate, Yes,6990593,2956359,2,314,9761986,2020180,5014807,3882856, Rejected
118,5, Not Graduate, Yes,5051188,1227203,18,853,10817511,3752866,12438626,1243905, Approved
119,5, Not Graduate, No,2921864,1484229,6,760,3216964,1026351,3690995,2816008, Approved
120,0, Graduate, No,4147208,2200861,6,874,4060043,4133250,8503721,3593237, Approved
121,2, Graduate, Yes,7184720,3759456,12,540,20085586,10202494,8515202,6303949, Rejected
122,3, Graduate, No,7933308,4438394,20,863,5985753,8411774,13925635,3697686, Approved
123,0, Graduate, Yes,4075754,921611,12,395,7193276,1222090,3603097,3204052, Rejected
124,1, Graduate, No,2904999,1387197,12,784,3056442,1920396,2300881,666663, Approved
125,4, Not Graduate, No,5498217,1815894,2,706,3284221,5035610,13064468,592471, Approved
126,0, Graduate, Yes,1524070,794039,10,530,899273,1103685,3559152,179803, Rejected
127,3, Graduate, No,7564386,3511730,12,470,7095805,9710683,17208508,4749992, Rejected
128,3, Not Graduate, Yes,5987749,2923361,16,840,15968882,7539008,10483751,3052886, Approved
129,5, Graduate, No,1861793,796998,2,335,2245688,1853192,3940552,1054172, Rejected
130,1, Not Graduate, Yes,6776651,1278851,10,824,19490650,4645362,4324003,723182, Approved
131,0, Graduate, No,7067218,2632633,6,459,13809737,3759316,8265663,3395218, Rejected
132,2, Not Graduate, No,9204644,5452231,4,542,14649517,3107824,10377373,6869070, Rejected
133,0, Graduate, Yes,7666027,4359623,16,385,14950455,5070057,13578761,3820934, Rejected
134,5, Not Graduate, No,5187696,630755,14,877,9295033,3823976,6287049,3937447, Approved
135,3, Not Graduate, Yes,628988,114732,20,856,1507646,678407,501311,194808, Approved
136,1, Graduate, No,4284752,710687,14,873,5168439,4523017,7253802,3564175, Approved
137,1, Graduate, No,4574857,2118112,10,327,6325316,1331926,9738808,2880275, Rejected
138,2, Graduate, Yes,3177590,1617052,18,855,8691457,2268281,4017258,920505, Approved
139,1, Not Graduate, No,7799600,1612611,10,639,22354755,3403063,5963086,2441652, Approved
140,5, Not Graduate, No,6810734,2403687,4,630,18602808,2750559,6084548,4530686, Approved
141,5, Not Graduate, Yes,3497291,1819820,6,805,5415974,4460769,3409741,2962015, Approved
142,5, Graduate, No,5094287,2375979,8,647,12485658,1296443,5602672,2415023, Approved
143,1, Graduate, Yes,8154647,3026341,10,772,13788197,6074704,14560857,2711178, Approved
144,1, Not Graduate, Yes,2690706,1063296,6,530,4692186,1126503,4579288,2368656, Rejected
145,5, Graduate, Yes,7742535,2742253,14,489,7833124,10399225,14650112,5437903, Rejected
146,1, Not Graduate, No,9780510,2433138,10,524,19344144,9038684,11981163,4922305, Rejected
147,1, Graduate, No,8247252,3154664,10,684,7961400,4130181,17715058,4446177, Approved
148,3, Graduate, Yes,5454224,2424089,12,676,7248182,4653301,4953391,1548076, Approved
149,0, Not Graduate, No,6415140,3442758,14,582,16920416,7383391,9225494,4260437, Approved
150,4, Graduate, Yes,3937973,1646646,20,558,4007633,5692550,8277136,1665243, Approved
151,1, Graduate, No,2402575,1154583,20,658,1628695,1169044,2066976,2393158, Approved
152,4, Graduate, Yes,6811653,1226341,16,755,4580965,9209602,4902525,3624924, Approved
153,4, Graduate, Yes,664071,219660,18,710,1893904,939391,1505693,356803, Approved
154,3, Graduate, No,4581137,479488,8,617,8096248,6373949,5432584,2791133, Approved
155,1, Not Graduate, Yes,5112216,1141759,10,524,7788615,5245331,9548291,4729210, Rejected
156,5, Graduate, Yes,9364043,4337713,10,533,23664776,9539776,5156752,7685409, Rejected
157,4, Not Graduate, No,7797626,4646644,16,673,20192457,5646836,14660268,3945731, Approved
158,1, Graduate, Yes,3698472,553250,18,771,4920734,4357233,4187419,2762127, Approved
159,2, Graduate, Yes,8569689,2577309,14,532,19145072,7632869,5240208,5378439, Rejected
160,5, Not Graduate, No,1764718,882421,10,412,4284394,1907076,3034654,958471, Rejected
161,2, Not Graduate, Yes,5339743,1078723,6,796,11409037,4042160,5241532,1458199, Approved
162,2, Graduate, Yes,4013270,1515179,2,741,3527614,4619054,5111358,2077038, Approved
163,4, Graduate, Yes,5006425,2335675,18,863,13465819,6367236,3310056,1608247, Approved
164,2, Not Graduate, Yes,6809876,2778379,10,567,12582855,2658351,5409264,6287953, Approved
165,3, Not Graduate, Yes,2578837,500326,18,809,3110544,3308154,2826287,1036347, Approved
166,3, Not Graduate, Yes,6323769,1756061,20,685,9884496,5706477,4297121,6052084, Approved
167,4, Not Graduate, Yes,1724102,848078,8,686,1023991,2237997,4002765,999547, Approved
168,1, Graduate, Yes,9252788,3489349,10,412,7584205,7038523,4738298,6184470, Rejected
169,0, Graduate, No,2583366,265091,8,380,6235901,1789633,3791659,1520689, Rejected
170,1, Graduate, Yes,2235848,1074314,4,412,1117989,3106887,1669049,483932, Rejected
171,1, Graduate, Yes,5322930,626272,2,301,8204841,2802629,5936973,2332716, Rejected
172,1, Graduate, No,8793223,4158024,16,519,15882982,11408996,20682707,1663954, Rejected
173,1, Not Graduate, Yes,6891409,1386829,8,865,4386974,5714540,5674311,4552868, Approved
174,5, Not Graduate, Yes,1038003,601041,10,524,3044146,901322,2524075,521271, Rejected
175,0, Not Graduate, Yes,3633382,1031772,12,684,3870690,2183694,3312150,2907383, Approved
176,5, Graduate, Yes,8870178,2336988,16,702,11180830,8381917,17590735,2647068, Approved
177,2, Not Graduate, Yes,3595049,627134,16,429,4529245,2238905,5728187,891965, Rejected
178,1, Graduate, Yes,266150,67283,14,352,286388,66817,603883,123945, Rejected
179,3, Graduate, No,8151632,4388230,8,715,4105851,4512728,13107714,7613027, Approved
180,4, Graduate, No,7629645,4563803,12,546,17726427,1589199,11971816,5641204, Rejected
181,4, Not Graduate, No,6281687,1784971,8,738,18324395,9245771,5596455,2996561, Approved
182,5, Graduate, No,9148331,2966852,14,502,9703943,13315133,7615607,5173792, Rejected
183,5, Graduate, No,2747500,1266694,2,483,5928055,1960895,6409857,482987, Rejected
184,3, Not Graduate, Yes,9588162,5207310,10,422,22577636,10996491,11080812,9455062, Rejected
185,1, Graduate, Yes,4393060,1741945,20,700,11514488,2853503,5465689,3074116, Approved
186,0, Not Graduate, Yes,334055,98801,20,593,519980,358247,674673,119212, Approved
187,2, Graduate, Yes,9264630,2837857,8,579,11648671,11553540,10910463,5811031, Approved
188,4, Not Graduate, Yes,9398550,4208755,14,497,12342531,13447286,22595288,1865932, Rejected
189,2, Graduate, No,9284966,943437,18,810,21184145,6687737,18345751,8999481, Approved
190,0, Graduate, No,2041648,836656,10,443,5189764,2487313,3460304,525329, Rejected
191,5, Not Graduate, Yes,7332508,2036578,8,500,6995468,4001400,16584595,5009769, Rejected
192,4, Graduate, Yes,6637845,3299663,18,423,9474544,9873343,3977475,2130144, Rejected
193,2, Not Graduate, Yes,4028433,590146,10,486,11097730,940641,4085336,3004426, Rejected
194,5, Graduate, No,2935264,1156790,18,625,7387278,2890024,4197640,2345684, Approved
195,0, Not Graduate, No,4648748,1582835,16,763,13770270,4915389,4434706,3282377, Approved
196,2, Graduate, Yes,7352747,3096703,8,648,17540865,8047281,14615866,4801707, Approved
197,1, Graduate, No,4337270,574370,14,702,6432119,1546253,10142341,3917518, Approved
198,5, Graduate, Yes,4517922,1761952,10,645,8930100,6415850,6088081,771498, Approved
199,0, Not Graduate, No,9047905,3444920,20,810,19475937,3940708,10715119,3599467, Approved
200,2, Not Graduate, No,7665373,2915371,8,446,5336169,7738802,18573976,2479431, Rejected
201,1, Not Graduate, Yes,1220154,490189,10,447,2271002,597239,1695653,1206991, Rejected
202,1, Not Graduate, No,8270924,3624599,10,788,18802308,4957437,12225226,3725644, Approved
203,0, Not Graduate, No,7043532,3539336,18,850,6468098,6412404,8475480,5348516, Approved
204,3, Graduate, Yes,5145169,1208653,18,637,12613789,3819523,11932145,3685240, Approved
205,4, Graduate, No,6933215,3553443,12,772,13585162,2830785,11355988,2016685, Approved
206,0, Graduate, Yes,8395810,2931211,8,450,24184587,3544856,16996051,2645502, Rejected
207,1, Graduate, No,8104294,1122680,4,714,4911653,6026257,17210387,2862080, Approved
208,1, Graduate, Yes,7385197,954724,6,597,8591312,8747528,8741843,3471150, Approved
209,0, Not Graduate, Yes,8371548,2236200,4,562,16775616,11446869,11447159,2602651, Approved
210,3, Graduate, No,6914301,3404937,10,443,8583411,2139049,15190328,813718, Rejected
211,4, Not Graduate, No,9458731,4292754,12,645,21623230,6725489,11601234,8432021, Approved
212,2, Graduate, Yes,8169693,4038340,10,871,19586946,2698606,17057259,7916831, Approved
213,0, Not Graduate, No,2059582,738637,4,301,1557641,456342,4905892,839101, Rejected
214,4, Not Graduate, No,7944064,2542890,10,603,14177263,8422569,13873678,3214614, Approved
215,4, Not Graduate, No,2329885,404762,18,553,4129083,2290706,4620755,247859, Approved
216,5, Graduate, Yes,4920642,1299523,8,752,7003067,2026934,10383512,3504607, Approved
217,1, Graduate, Yes,749239,237516,20,336,2122078,377584,1640892,631530, Rejected
218,2, Graduate, Yes,9145309,1319670,4,459,23492156,2110920,11798424,2121231, Rejected
219,0, Graduate, No,5608753,1179554,6,308,12580564,7209667,3379424,1366851, Rejected
220,1, Not Graduate, No,3247569,1296145,6,532,7423347,4764501,4234026,2634021, Rejected
221,5, Not Graduate, Yes,9859072,4612385,18,398,16309767,3707971,18214758,6454356, Rejected
222,5, Not Graduate, Yes,985332,590385,8,507,2761379,493570,1380155,138315, Rejected
223,1, Not Graduate, No,9356558,5301020,2,430,20925835,12434232,18693713,6178063, Rejected
224,3, Graduate, No,8755080,3688362,2,703,20333258,12295660,10628359,3309647, Approved
225,4, Not Graduate, No,597710,185663,14,451,1586458,445602,1057640,258122, Rejected
226,0, Graduate, No,6703216,2802538,14,353,7944510,1781776,5850832,5314029, Rejected
227,0, Not Graduate, Yes,4517048,2226117,4,419,11372469,1134724,9028399,3748434, Rejected
228,0, Not Graduate, No,3388729,539377,18,886,3348408,3206194,5392796,1559903, Approved
229,1, Not Graduate, No,4985956,1520479,18,719,6797627,3543836,4527890,4748812, Approved
230,3, Graduate, Yes,5305724,2758451,10,721,7104503,1258773,5750462,2471493, Approved
231,2, Graduate, Yes,5225764,1525486,6,403,15396739,5007473,10436986,4152666, Rejected
232,5, Not Graduate, No,8196198,3163208,6,553,21648970,1759668,12009089,4388978, Approved
233,1, Not Graduate, Yes,1110775,437517,6,526,2502492,1359126,1035312,1008338, Rejected
234,2, Not Graduate, No,6154878,1183202,12,411,14264803,3682849,14984311,5643931, Rejected
235,5, Graduate, No,6127997,1722688,8,809,11674949,1546310,11828566,1094920, Approved
236,5, Graduate, Yes,758924,202826,16,772,2176386,732253,1832247,715546, Approved
237,3, Graduate, Yes,4081185,461575,10,398,7103901,2926167,5526781,3440362, Rejected
238,4, Not Graduate, No,5204998,583458,2,452,7553983,7630217,7548291,4227393, Rejected
239,0, Graduate, Yes,5366650,2768378,18,637,4870708,4870010,12321347,1507063, Approved
240,2, Not Graduate, No,5893075,1393920,2,462,14529459,3287221,9134847,4859472, Rejected
241,1, Graduate, No,8309916,2983587,12,460,19412876,9325973,15909814,7189070, Rejected
242,2, Not Graduate, No,5393278,1344882,2,879,7878972,2982156,5416715,1942849, Approved
243,4, Not Graduate, Yes,631413,360119,6,697,355475,868518,879844,604283, Approved
244,0, Graduate, No,4365100,1002438,20,576,11338318,2999428,3260292,632390, Approved
245,2, Not Graduate, No,1063561,334839,10,803,562139,972976,969925,249849, Approved
246,4, Not Graduate, No,502186,269355,20,691,1134563,133453,252040,293187, Approved
247,1, Not Graduate, Yes,3407393,1775138,14,434,9968814,2569029,1971279,2106495, Rejected
248,3, Graduate, No,5689464,1098355,20,494,9069877,7294305,13965174,3872448, Rejected
249,5, Not Graduate, No,7656985,3838612,16,700,8326462,9550890,7539889,882637, Approved
250,1, Graduate, No,6967528,2292967,18,332,15761785,3425335,12727035,6718996, Rejected
251,0, Graduate, Yes,1226553,418848,12,759,3118903,605797,2671677,171875, Approved
252,5, Not Graduate, No,9823810,1638021,18,769,18331974,12402529,15731072,2247253, Approved
253,1, Graduate, No,8733879,1225369,16,674,25481862,12310559,7042030,983548, Approved
254,1, Not Graduate, Yes,3943797,1829802,18,321,2481325,1277668,7714985,2406396, Rejected
255,1, Graduate, Yes,1714542,597055,20,337,3021004,1346046,2915583,1610023, Rejected
256,1, Not Graduate, No,6557718,2088143,8,529,15057404,4188352,12869529,4586156, Rejected
257,5, Graduate, No,4380656,2035927,18,664,11637655,5834573,8934318,3681467, Approved
258,0, Not Graduate, No,8665506,4183328,14,862,8216104,2674022,21237601,970130, Approved
259,4, Not Graduate, Yes,7046192,1264467,10,737,17615541,3343162,11605969,4141848, Approved
260,2, Not Graduate, Yes,8876924,3596153,10,582,16704308,10458870,10503906,4559247, Approved
261,3, Not Graduate, No,7547689,1265574,2,326,11256504,2012832,13562662,4144218, Rejected
262,2, Graduate, Yes,2029553,965433,4,525,1683083,1705425,1292584,334859, Rejected
263,2, Graduate, No,3241341,1388841,20,576,8632467,2511193,7438211,2320773, Approved
264,3, Not Graduate, No,1239504,716814,6,583,1107103,786739,915698,685319, Approved
265,5, Graduate, Yes,6866455,923394,16,780,8751088,4895397,7935463,5415119, Approved
266,0, Not Graduate, No,7863589,1010686,12,752,9633791,6990123,16761167,4220872, Approved
267,3, Not Graduate, Yes,8118348,1957281,20,815,21745279,3326716,13757553,1903293, Approved
268,0, Graduate, Yes,5188023,1197669,10,846,11319008,4895390,6678391,3545657, Approved
269,5, Graduate, No,7835836,1751226,2,491,19524579,9771773,11337446,1999295, Rejected
270,2, Not Graduate, Yes,8009006,4429999,18,348,9019500,9516374,17692653,7089212, Rejected
271,0, Graduate, No,1875843,421639,6,811,3868335,750468,2213511,1222683, Approved
272,5, Not Graduate, Yes,8623309,2034884,6,316,16637510,3397793,19310170,2082386, Rejected
273,5, Graduate, No,3429028,1644901,4,471,8854010,1881256,2318944,3312798, Rejected
274,4, Graduate, No,7256993,2357578,8,519,20067165,4857810,14902938,4111296, Rejected
275,3, Graduate, No,1921610,938428,4,457,1019206,1404682,4218117,318235, Rejected
276,4, Graduate, Yes,2539767,336984,18,776,5549517,2752107,2193432,1686785, Approved
277,2, Graduate, No,2814235,967493,20,345,1771812,770212,3829310,922728, Rejected
278,3, Not Graduate, Yes,691036,80717,14,672,1293720,169355,574250,568946, Approved
279,2, Graduate, Yes,8915912,1170896,16,817,10869226,6325694,17057996,7454057, Approved
280,4, Graduate, Yes,6246914,3455909,6,398,7914474,6911040,9811999,6128551, Rejected
281,5, Not Graduate, Yes,2910241,493642,12,336,4023106,1313874,5153008,1605529, Rejected
282,2, Not Graduate, Yes,1342953,491803,20,579,2757392,1388554,1199222,684182, Approved
283,3, Not Graduate, No,4161352,1271491,12,648,5555924,2237877,3842974,3238064, Approved
284,3, Graduate, Yes,4178702,1143592,2,796,9743678,5649237,2436160,916070, Approved
285,2, Graduate, No,8368984,4602243,12,601,12648200,11418616,9575248,4956312, Approved
286,3, Not Graduate, No,526916,58441,6,480,353498,309022,853334,311735, Rejected
287,5, Not Graduate, Yes,3797706,1640209,6,398,9340076,1895024,8415222,685583, Rejected
288,5, Not Graduate, No,4706554,2737789,6,415,5715619,3457882,8631137,2241193, Rejected
289,3, Not Graduate, No,805409,306123,20,490,1274090,412925,1104048,699059, Rejected
290,2, Graduate, Yes,9662743,5492411,20,552,21389541,10378742,23250880,8411787, Approved
291,4, Graduate, No,7049486,889144,16,460,9383855,8980228,13665360,1334565, Rejected
292,3, Graduate, Yes,5250405,1624457,10,555,3367946,5644289,12392690,953729, Approved
293,3, Graduate, Yes,8537735,1964352,8,622,12249964,10857058,13277680,2872315, Approved
294,3, Graduate, Yes,1925690,896236,18,427,5509632,1378966,1959983,1708644, Rejected
295,3, Not Graduate, No,3480772,2055912,18,317,7324713,1403489,2108141,751889, Rejected
296,2, Graduate, No,8397295,1916808,2,865,18295168,9735288,16392944,6281152, Approved
297,4, Not Graduate, No,6009041,2566385,4,869,12503043,4017746,4462349,1148021, Approved
298,4, Not Graduate, No,5287268,1052424,16,622,5273945,5671398,5845340,3493953, Approved
299,0, Not Graduate, Yes,6355579,2432058,10,587,9824674,3507244,9946111,2672270, Approved
300,3, Graduate, Yes,603119,200215,14,454,1433824,184312,982380,488540, Rejected
301,3, Not Graduate, No,8412420,4929700,2,789,6338188,12537503,14310926,2610553, Approved
302,0, Graduate, Yes,602732,243662,20,685,720042,242938,501780,407013, Approved
303,4, Not Graduate, No,706079,193997,10,403,840797,1048490,889288,220377, Rejected
304,1, Graduate, Yes,2150013,337655,6,692,3397122,3161516,3728957,1595942, Approved
305,5, Not Graduate, Yes,1332658,234045,20,545,3932569,1641786,3251202,1181148, Rejected
306,1, Graduate, Yes,2185209,464703,4,475,1461372,2310311,4272656,467900, Rejected
307,4, Not Graduate, Yes,4522626,1019776,4,338,8126039,4301691,10606496,3979621, Rejected
308,3, Not Graduate, Yes,856951,450163,18,776,812742,1136258,1734832,543493, Approved
309,1, Not Graduate, No,8599911,3273224,8,837,25169285,4955882,14477382,1843816, Approved
310,2, Not Graduate, No,9798817,3544187,8,707,7675009,7917302,8662612,4750345, Approved
311,2, Graduate, Yes,3679591,579110,14,824,5552512,3698750,6746056,900669, Approved
312,0, Graduate, No,5403916,2864452,20,805,12670629,3969433,9439339,3946550, Approved
313,4, Graduate, Yes,6226988,2873176,20,335,14081623,4705936,10616630,4875615, Rejected
314,4, Not Graduate, Yes,7626263,1020654,4,319,11872730,4799741,11283603,1488775, Rejected
315,1, Not Graduate, Yes,2566610,1165029,6,620,3506785,2395933,3997015,1425818, Approved
316,3, Not Graduate, Yes,4380303,1628461,6,811,6544308,5719567,5120070,3649504, Approved
317,4, Not Graduate, No,9656807,1360283,12,699,11208565,4461318,14858208,9101991, Approved
318,1, Not Graduate, Yes,4884346,1607684,6,770,4949465,6910191,4372035,2745813, Approved
319,1, Not Graduate, No,658298,225367,10,442,1124109,721372,1389238,628840, Rejected
320,5, Graduate, Yes,1247343,228123,8,391,1461055,1584443,1087126,726103, Rejected
321,5, Graduate, Yes,5919720,3391106,6,653,7214091,5464185,3965813,2692119, Approved
322,4, Graduate, No,8693836,4564156,16,350,18621241,10548854,11932220,7506108, Rejected
323,1, Graduate, Yes,4820650,2094626,20,874,14082773,1065655,8757264,2620912, Approved
324,0, Graduate, Yes,1955692,647623,6,489,3929167,2471788,2689924,1026175, Rejected
325,0, Graduate, No,9472664,2897524,12,424,6559333,2388821,9979529,5127375, Rejected
326,5, Graduate, No,1930228,821286,14,449,1329848,2619102,3119909,1664062, Rejected
327,4, Graduate, No,2146793,800143,14,613,6179668,3197758,2563280,1822084, Approved
328,3, Not Graduate, Yes,1769123,231996,4,869,2199421,1030138,4185276,819401, Approved
329,0, Not Graduate, Yes,6315518,2249911,6,641,4611385,2989855,14811722,2526016, Approved
330,0, Not Graduate, No,7593979,3821303,20,604,15169819,9074595,11426991,4121519, Approved
331,5, Not Graduate, No,8637482,2847086,20,353,17785628,4568660,9982925,5316329, Rejected
332,5, Not Graduate, Yes,1822572,229604,8,743,3866152,2415329,3598239,573205, Approved
333,4, Not Graduate, Yes,3420281,1686674,14,563,3996615,1141331,1961277,2786022, Approved
334,5, Not Graduate, No,2889784,579927,4,352,1554058,1051135,4188851,1554225, Rejected
335,2, Graduate, No,8375602,1920612,6,871,24394262,12336399,9821622,3355609, Approved
336,1, Graduate, No,909662,165879,14,304,1025400,978787,2129584,178420, Rejected
337,0, Not Graduate, No,7063382,1872555,14,402,15469270,9189130,3701254,2224687, Rejected
338,2, Graduate, Yes,5521129,2641174,20,495,12514051,3432089,8864888,5269106, Rejected
339,3, Graduate, Yes,9059060,3258479,6,649,18344764,9778610,17948961,3393430, Approved
340,2, Graduate, Yes,5872605,1188853,2,346,7530256,5711192,8632940,1479740, Rejected
341,4, Graduate, Yes,2792670,1505011,6,568,3289040,2748253,1873339,1437123, Approved
342,3, Graduate, No,5010833,2704802,10,669,9992456,5448239,12251099,1885972, Approved
343,3, Not Graduate, Yes,6903459,3695347,14,405,18399368,6544250,10603857,908794, Rejected
344,5, Graduate, No,6617665,1451903,8,419,18971749,5014741,11437790,2586386, Rejected
345,2, Not Graduate, Yes,642061,209067,2,357,491025,358719,624866,378621, Rejected
346,4, Not Graduate, Yes,3961675,2347271,12,645,3514289,4750665,5811762,2363302, Approved
347,0, Not Graduate, Yes,7615745,3701299,4,773,21795048,3763352,10344458,3205490, Approved
348,5, Graduate, No,8282655,940774,6,416,19392495,9111422,5382000,4162634, Rejected
349,2, Not Graduate, Yes,9077580,1203707,8,426,24577407,4569042,6466148,8795867, Rejected
350,0, Not Graduate, No,9712602,3224250,12,692,9776526,9838178,21124375,4269792, Approved
351,2, Not Graduate, No,3281328,1819857,12,357,6460818,3843097,3214519,1090726, Rejected
352,5, Not Graduate, Yes,5571112,2057695,14,812,12550874,2698245,4957824,1777855, Approved
353,0, Graduate, No,8751646,3053504,10,395,19256069,2432312,13213435,4480739, Rejected
354,5, Not Graduate, Yes,7481505,1142701,14,417,11374724,2770145,15243523,5862268, Rejected
355,2, Not Graduate, No,5324795,2281089,4,859,2867334,5259811,3322102,1519639, Approved
356,3, Not Graduate, Yes,5611263,2867644,2,787,10983010,7318659,9278873,4143168, Approved
357,1, Not Graduate, No,4163735,1208357,20,536,4716486,1076308,3074588,495629, Rejected
358,3, Graduate, No,6693509,3265133,16,571,10881206,7726964,3834859,3193069, Approved
359,5, Not Graduate, Yes,9189138,5350268,2,488,26592929,5915178,5563911,7335491, Rejected
360,5, Not Graduate, Yes,9666441,1951492,4,746,14476348,7946654,20960016,3913552, Approved
361,5, Not Graduate, Yes,9024031,3263674,20,880,23458004,12701480,6641190,5480866, Approved
362,0, Not Graduate, Yes,1392929,339274,12,546,1353023,879722,822249,396262, Rejected
363,4, Not Graduate, No,8911998,4424158,2,375,19438415,7173605,12261124,6842595, Rejected
364,5, Not Graduate, No,6755035,2626335,20,453,19876807,1471159,14779928,993335, Rejected
365,3, Graduate, No,4268316,1781130,6,734,3221437,1306439,4374241,3701860, Approved
366,1, Not Graduate, No,8267987,4125370,14,385,4305966,4433038,11107422,2301615, Rejected
367,5, Graduate, Yes,1856671,553260,16,584,2940886,438560,1076581,1646789, Approved
368,5, Graduate, No,5881635,3279276,8,519,4302790,6003901,8223449,2454266, Rejected
369,5, Not Graduate, Yes,6345265,2325631,6,368,15044375,4786346,10502848,4761583, Rejected
370,0, Graduate, No,8727171,1561966,2,346,24317141,7964318,14328392,3380057, Rejected
371,5, Not Graduate, Yes,983066,440363,18,393,1558211,419809,1145127,899820, Rejected
372,3, Graduate, Yes,5099856,2532744,20,752,5848408,2981945,5768275,1091233, Approved
373,2, Not Graduate, Yes,6440779,1664173,12,503,10215128,6846366,4593867,1678903, Rejected
374,4, Graduate, Yes,4255957,2249654,12,517,9825385,6191964,5250134,2314079, Rejected
375,5, Graduate, Yes,6817488,3770559,18,773,3563060,1810328,4765351,1184501, Approved
376,0, Not Graduate, No,797897,190260,2,731,1574757,1083144,1622277,220524, Approved
377,3, Graduate, Yes,4141237,2450621,12,640,8420084,3933949,10073760,3931647, Approved
378,5, Graduate, No,9361408,1594769,10,850,19604853,8735087,22843229,9163327, Approved
379,0, Graduate, No,2242999,450860,12,588,2478637,1907361,5002206,983854, Approved
380,2, Graduate, Yes,3859985,741551,16,553,8820574,1120215,6568089,3593481, Approved
381,1, Graduate, No,2102897,1150273,10,656,1531915,666281,3999145,1241428, Approved
382,5, Not Graduate, No,8219213,3510806,4,322,8204219,8064573,8797940,2817285, Rejected
383,3, Graduate, No,3776511,664862,4,821,10172693,2429226,6652478,2765005, Approved
384,0, Graduate, Yes,1363950,436684,20,399,3200928,1899230,1924941,945233, Rejected
385,0, Not Graduate, Yes,749148,305389,10,479,400317,545805,1096778,741815, Rejected
386,5, Not Graduate, Yes,2973707,421469,6,522,3333349,1148641,5993664,1006726, Rejected
387,0, Not Graduate, Yes,5268002,2851085,20,741,5457735,5948282,5604293,3713169, Approved
388,1, Graduate, No,2973939,1492327,6,624,3500373,1728927,3378630,436637, Approved
389,0, Graduate, No,2135740,753069,16,815,2389678,1886096,5017458,432020, Approved
390,4, Graduate, No,3634955,2121226,14,315,2385678,4024559,2226223,376314, Rejected
391,4, Graduate, No,5136710,1586629,2,635,8461965,7039056,7557480,5134216, Approved
392,0, Not Graduate, No,5355872,3170971,10,557,12489002,6586911,12455624,4402774, Approved
393,5, Not Graduate, No,3377326,1465624,18,796,6811490,3645044,5811452,2729050, Approved
394,4, Graduate, Yes,1754510,732219,8,459,3828655,1901052,2794608,980338, Rejected
395,3, Graduate, No,3963122,725161,2,774,2785571,5666083,3961094,1466594, Approved
396,4, Graduate, No,4621590,2500113,16,679,13304294,2701648,5483752,1091332, Approved
397,0, Graduate, No,2734937,858072,10,844,7100524,550941,6028065,974204, Approved
398,5, Not Graduate, Yes,1012461,183373,4,726,2544036,560438,1638603,443836, Approved
399,2, Not Graduate, No,4627036,491871,2,567,11833457,2236055,7076979,3612230, Approved
400,5, Graduate, No,1918224,728690,6,876,5431981,2034055,1341144,1123495, Approved
401,5, Not Graduate, Yes,2910626,1058594,18,716,5415612,2979971,1548616,494035, Approved
402,5, Graduate, No,9512652,4372745,2,467,9519358,9241539,23090729,1105618, Rejected
403,3, Graduate, Yes,8106166,4418906,8,342,16552458,1792406,10164907,1557186, Rejected
404,1, Not Graduate, Yes,7510108,1049186,16,855,17702854,8617184,12815444,3525611, Approved
405,0, Graduate, No,6640010,3092573,16,584,15569452,4120720,4378622,6240770, Approved
406,1, Not Graduate, No,8874163,1718978,20,696,16005640,9447192,16561216,5978188, Approved
407,2, Graduate, Yes,644191,340834,16,311,432346,594943,1523597,529295, Rejected
408,1, Not Graduate, No,1702337,867394,20,601,2430566,1098943,2811121,884767, Approved
409,0, Graduate, No,3686669,1365530,16,552,10329738,1382313,2773225,1568675, Approved
410,0, Not Graduate, Yes,9509205,4327842,8,798,18648713,3069044,15818021,1878641, Approved
411,2, Graduate, Yes,3922946,1008883,16,334,7241090,5025191,7974150,3484908, Rejected
412,0, Graduate, No,7264400,2437816,18,389,8514848,10125969,9536944,5846708, Rejected
413,2, Not Graduate, Yes,424695,216942,14,717,603543,443689,959672,106728, Approved
414,2, Graduate, No,3641628,1200399,4,414,9972107,1217994,6545338,2043078, Rejected
415,0, Not Graduate, No,9690452,2702658,18,495,20991046,7002663,22273482,5219639, Rejected
416,4, Not Graduate, No,7752975,2691105,16,800,19137967,8897476,13544529,5136984, Approved
417,2, Graduate, No,8323236,4279180,10,792,13615678,10102470,6347099,7920126, Approved
418,0, Graduate, Yes,7961850,2130623,6,374,16525759,2815980,8912362,4950632, Rejected
419,4, Graduate, No,3540216,661598,14,712,3968437,708184,3198903,2075258, Approved
420,2, Graduate, Yes,4033284,1839205,4,675,9129951,4540583,9347752,585998, Approved
421,4, Not Graduate, No,2047865,1050532,6,719,3213107,1358912,4138325,320729, Approved
422,3, Graduate, No,7786725,1170490,18,576,12508313,4133393,14427218,2091608, Approved
423,5, Graduate, Yes,9508092,2091181,8,693,20188586,2061037,10477276,1228670, Approved
424,3, Graduate, No,5097954,871678,8,756,14481765,4600338,4425480,3920416, Approved
425,4, Not Graduate, Yes,4217136,1155371,6,491,2783376,5509671,8488682,3167057, Rejected
426,2, Graduate, Yes,544855,177173,10,398,1395841,787272,789122,121203, Rejected
427,0, Not Graduate, No,5950283,2822892,6,847,7324547,5566301,5662164,5072443, Approved
428,1, Graduate, No,1274961,542589,18,395,2052430,1107685,2209818,305107, Rejected
429,0, Not Graduate, No,4825678,1980768,6,489,2677205,1498726,2802115,1790606, Rejected
430,1, Graduate, No,2577935,711993,4,336,3229160,2355032,2970658,835455, Rejected
431,1, Graduate, Yes,1334106,694700,10,668,2343461,925833,1917262,580438, Approved
432,2, Not Graduate, No,8496877,2851922,12,824,5441741,8405755,6762806,2797149, Approved
433,4, Graduate, No,2674968,1577033,2,578,4621647,1886773,6605322,1444632, Approved
434,0, Graduate, No,6366160,2655141,12,516,17938416,3261949,5845374,2970877, Rejected
435,4, Graduate, No,5872540,958001,20,572,4483584,1899501,4467277,5801555, Approved
436,3, Not Graduate, No,5844807,2560544,6,361,14092424,3561790,5301647,878671, Rejected
437,2, Graduate, Yes,6172558,1620617,8,895,9408074,2010021,12580427,1407116, Approved
438,2, Not Graduate, No,2642266,1170956,12,641,5648991,1136084,3569731,389848, Approved
439,3, Not Graduate, Yes,4637677,625254,16,696,5336071,6880165,7563271,3075972, Approved
440,0, Not Graduate, No,9807366,1838299,18,318,8814180,7623605,5315771,1461869, Rejected
441,5, Graduate, No,5441218,2872248,12,476,4903389,4850482,3095305,4640247, Rejected
442,3, Not Graduate, No,5350635,1142840,14,695,3618259,7146865,7446217,3000340, Approved
443,0, Not Graduate, Yes,5681140,2945787,10,744,5477282,8488984,12119635,3262717, Approved
444,1, Graduate, No,7414615,1776823,18,532,16019635,7099707,16834718,4489067, Rejected
445,2, Not Graduate, Yes,8210643,3460301,8,375,22203438,10314340,5529154,2083305, Rejected
446,0, Not Graduate, Yes,5181262,2316414,20,564,13136127,3238409,8169431,1439982, Approved
447,4, Graduate, No,4725208,1683720,12,754,10456109,2823156,10993004,1828351, Approved
448,4, Graduate, Yes,5490717,1387258,10,683,4261233,3972615,7005855,3481920, Approved
449,2, Not Graduate, No,718349,148211,2,863,878518,771693,1551010,207679, Approved
450,3, Graduate, No,3081990,359343,10,805,3928049,3349658,2365092,630878, Approved
451,5, Graduate, Yes,997968,251461,10,666,1122606,608572,2365971,971127, Approved
452,3, Graduate, No,8092861,3452263,18,443,14466103,3020036,16208759,969392, Rejected
453,0, Not Graduate, No,8667691,4933237,2,368,15938882,8859378,20652236,7128548, Rejected
454,3, Not Graduate, Yes,6411411,3433966,10,398,8926062,2351856,11881847,5188316, Rejected
455,2, Graduate, Yes,2855971,1379526,14,695,3954014,2718999,3503727,1049548, Approved
456,0, Not Graduate, Yes,5809125,2871007,12,324,14937520,6398453,13804585,1289997, Rejected
457,1, Graduate, Yes,3074299,1329611,12,768,7603455,3414915,3231498,710365, Approved
458,3, Graduate, Yes,7539838,1735244,14,783,9571745,8893342,8778973,5486653, Approved
459,3, Graduate, Yes,7530292,4168750,12,864,20967880,10050810,14319730,5109498, Approved
460,5, Graduate, No,2004673,872766,10,450,5777542,1703865,4070754,1612701, Rejected
461,0, Graduate, Yes,3138199,1193207,20,443,4132557,3606807,7402405,2961622, Rejected
462,4, Not Graduate, Yes,7794378,1211984,10,868,10803494,7832761,7089803,5633266, Approved
463,3, Not Graduate, No,9198604,2976003,18,338,16227122,4071595,19280237,2210115, Rejected
464,2, Not Graduate, No,5109776,1687141,16,408,14577179,1192604,10102497,1630521, Rejected
465,3, Not Graduate, Yes,9367121,4985948,20,341,25205035,5338357,5878703,8036749, Rejected
466,5, Graduate, Yes,3503389,1307899,8,485,2650033,2718433,4464881,1010291, Rejected
467,1, Graduate, No,8225407,2387015,8,697,12188629,8243813,8764425,1359413, Approved
468,5, Not Graduate, Yes,4554385,2679800,20,522,8577856,5943231,5050725,3338145, Rejected
469,3, Not Graduate, Yes,8977198,1394700,10,432,15780398,4085697,22136816,4149922, Rejected
470,4, Graduate, No,3351882,1043354,6,462,3300456,1217452,5984969,3110667, Rejected
471,3, Graduate, Yes,3410016,412654,16,514,9026455,4953129,6599582,2336643, Rejected
472,0, Graduate, No,6937320,3260207,14,534,15209047,2361865,17018878,1258270, Rejected
473,3, Not Graduate, Yes,2589383,1447564,10,887,6718855,2128572,3248131,2467865, Approved
474,4, Graduate, No,7196746,1727353,20,308,19049143,6917748,15139653,2394368, Rejected
475,0, Graduate, No,364053,192646,6,373,863129,329026,498411,146892, Rejected
476,2, Not Graduate, No,6173544,1519365,10,791,9865486,1925169,13822980,2852389, Approved
477,0, Not Graduate, Yes,5482379,3044831,6,552,11109311,1502911,4722055,800985, Approved
478,5, Not Graduate, No,2742637,1308185,20,529,2470878,924620,6569636,1499849, Rejected
479,1, Graduate, Yes,8233951,4137176,10,818,17983883,7915000,7719686,1737253, Approved
480,5, Graduate, No,8307317,905524,2,473,7876442,7540122,9573692,3828620, Rejected
481,0, Not Graduate, No,4358549,2534082,12,467,9740807,2196111,8771076,1811582, Rejected
482,2, Graduate, No,4730889,2191988,20,469,5080953,4868588,6091068,3763687, Rejected
483,3, Graduate, Yes,8611039,2173215,8,692,6836116,10902331,14780183,7085623, Approved
484,0, Graduate, Yes,9831739,5060369,8,493,8978454,2497779,13657730,2340657, Rejected
485,5, Not Graduate, No,9235616,2223572,16,816,4663804,7827821,18330295,3970355, Approved
486,0, Not Graduate, Yes,9162049,4914311,4,328,21043843,10042554,8764988,3994816, Rejected
487,0, Graduate, Yes,8484960,1326116,8,464,19778464,4480105,5234507,2004736, Rejected
488,0, Graduate, Yes,2249949,1016623,4,721,4021408,1350199,2474626,1841826, Approved
489,2, Graduate, No,8588512,3180748,2,638,7758921,8569009,12441467,6325486, Approved
490,4, Graduate, Yes,1468300,217700,20,795,1040857,2007629,1227557,398413, Approved
491,4, Not Graduate, No,2147763,474541,6,664,1176592,2690936,2597922,923644, Approved
492,0, Not Graduate, No,7854502,834163,16,641,7181924,7525157,10210585,1533391, Approved
493,2, Graduate, No,4082149,1365005,12,799,11132587,4691565,2509638,2716204, Approved
494,2, Graduate, Yes,5073062,1271474,14,810,5599859,3420609,8454838,1061460, Approved
495,0, Not Graduate, No,7245209,2892133,4,626,10039529,7486149,16437110,7153490, Approved
496,5, Graduate, Yes,8639469,2147935,12,516,6595057,6963723,6941690,6934157, Rejected
497,5, Not Graduate, Yes,7878073,1969199,16,600,8318482,3520844,13358186,3554702, Approved
498,1, Graduate, No,5045710,2379539,16,431,9072496,5612140,9231017,3131910, Rejected
499,0, Not Graduate, No,4200737,521191,8,369,8482891,3878977,5623397,3865550, Rejected
500,1, Graduate, No,9309609,5133760,12,551,10365139,6202136,17708693,5573563, Approved
501,5, Graduate, Yes,7458746,3924284,10,714,4805896,10328431,9856457,1917260, Approved
502,5, Not Graduate, Yes,1643717,713212,18,744,2428726,373476,2480820,724604, Approved
503,0, Not Graduate, No,4609352,1828118,16,481,5003490,2814032,2372461,3958651, Rejected
504,1, Graduate, No,5311142,2900686,4,466,5570776,1454965,10003218,3610470, Rejected
505,1, Graduate, Yes,9794271,1887014,14,390,28400026,11718703,17851874,6715460, Rejected
506,0, Not Graduate, Yes,8621928,1202626,14,830,17595210,9593961,4973143,7588497, Approved
507,1, Not Graduate, No,8915633,1959255,2,338,16870126,5623605,11024182,8064865, Rejected
508,3, Graduate, Yes,7106571,3534020,2,425,10940123,7663454,17468404,6593571, Rejected
509,5, Graduate, Yes,8952967,1050497,8,750,14077294,6398850,12010164,1659560, Approved
510,4, Not Graduate, Yes,1508507,590434,10,472,2794150,1784759,2268629,889586, Rejected
511,2, Not Graduate, Yes,4266621,2550239,8,519,9561815,3372502,9897964,3270188, Rejected
512,1, Not Graduate, Yes,9531795,5031339,14,357,21497679,7015054,18439483,7446563, Rejected
513,1, Not Graduate, Yes,300734,108481,6,775,279452,425583,500463,194287, Approved
514,2, Not Graduate, No,8746310,1152942,14,755,15308507,4601808,18328849,2187527, Approved
515,1, Graduate, Yes,3051274,1573501,16,660,4668129,1088027,6800473,2494961, Approved
516,2, Graduate, No,1425811,569596,12,300,3815922,1368644,2015777,1066649, Rejected
517,0, Not Graduate, No,9735695,1533045,12,686,20236102,14215266,14118867,1728301, Approved
518,3, Graduate, Yes,3281091,482086,16,647,6008531,2267860,4173882,1697731, Approved
519,3, Graduate, No,4029049,2235370,16,489,3176851,1130743,9804337,1033772, Rejected
520,5, Not Graduate, No,2068670,899044,14,804,4166497,1326217,3918748,835182, Approved
521,4, Graduate, No,7465406,3842021,12,490,5920139,6403161,4975290,868025, Rejected
522,1, Graduate, Yes,5013673,2704823,12,807,6733445,2058112,11160031,2307778, Approved
523,4, Graduate, No,4955469,1912246,20,668,4247356,5230660,7240534,2947955, Approved
524,0, Not Graduate, Yes,9521425,3415555,12,708,21234530,14254279,6069982,6261520, Approved
525,3, Not Graduate, No,7751989,2443533,16,416,7873154,6102841,12398798,5404231, Rejected
526,0, Graduate, No,4535702,1172357,2,433,6711244,2998766,6052116,3867421, Rejected
527,0, Graduate, No,8174411,2593724,10,357,22391239,5893058,18437374,2402595, Rejected
528,1, Graduate, No,3162732,1540060,6,855,3196860,1105975,2871726,659219, Approved
529,0, Graduate, Yes,2192825,879238,16,472,3880231,2956488,4720997,1899827, Rejected
530,3, Graduate, No,4032978,2203061,12,448,6243772,2981473,6514781,971752, Rejected
531,4, Graduate, No,6352941,2043677,4,379,3464322,4469019,3870342,6208628, Rejected
532,3, Not Graduate, Yes,4315811,1741623,14,512,10711390,4564390,10546506,3704193, Rejected
533,1, Graduate, Yes,9183212,3817036,14,502,6176763,7113715,14006514,5058011, Rejected
534,3, Graduate, Yes,3374108,1335635,10,528,5687523,3518194,3649953,3317690, Rejected
535,2, Not Graduate, No,2931638,1323097,16,526,5575083,820507,4218080,550089, Rejected
536,4, Graduate, Yes,464500,101593,10,831,962010,584266,1029199,173146, Approved
537,2, Graduate, Yes,3176031,1131244,2,740,7055804,4518396,3524779,2141921, Approved
538,2, Graduate, Yes,9227890,1403676,18,701,10456869,9628334,8169938,3829631, Approved
539,5, Graduate, Yes,6712427,1961744,8,346,3523668,9672175,5088976,6279712, Rejected
540,1, Not Graduate, Yes,3103633,1067133,4,532,7165075,1231714,3400709,493674, Rejected
541,0, Graduate, Yes,5911813,2519095,8,604,10872660,4851476,12178903,3514399, Approved
542,2, Not Graduate, No,2140369,1231280,18,825,5544185,2102588,3089093,1352241, Approved
543,3, Graduate, Yes,4148242,1660647,4,442,10592415,3966788,3961418,2851730, Rejected
544,0, Graduate, No,8327125,3928712,8,714,21719768,6011354,6931249,2748780, Approved
545,3, Not Graduate, Yes,1417060,500410,4,812,2427050,906223,1651525,606657, Approved
546,3, Graduate, Yes,1231519,513607,10,672,1642933,449345,2930828,1058259, Approved
547,0, Not Graduate, Yes,9377960,1270395,6,865,23246982,6651460,11122761,2583144, Approved
548,0, Not Graduate, No,4878714,1108423,20,558,7943694,2007391,12080906,4118517, Approved
549,3, Not Graduate, Yes,8309698,2334414,4,770,7965722,9595003,12219086,5038916, Approved
550,1, Graduate, Yes,1590281,534726,18,311,4194262,749786,1364982,1249911, Rejected
551,4, Graduate, Yes,4141106,508628,10,629,11207488,1143503,9451164,3073721, Approved
552,5, Graduate, Yes,2522466,428849,20,657,4201859,2315815,3583694,723343, Approved
553,4, Graduate, No,7978748,1902190,10,707,5499346,7769694,15313951,4882446, Approved
554,1, Not Graduate, No,8299932,4861820,2,672,12197291,11067851,20479444,7311832, Approved
555,5, Graduate, No,2051317,544980,12,307,5146434,1948907,1231509,1002898, Rejected
556,0, Graduate, No,2146830,732113,14,421,5913303,1393561,1488588,2082278, Rejected
557,5, Not Graduate, No,2814150,557339,2,647,2838582,3500564,5462021,1426756, Approved
558,3, Not Graduate, Yes,7438987,3015691,18,389,4965033,6712663,7912478,1699861, Rejected
559,4, Graduate, Yes,4860061,1168074,16,615,13089972,1472911,4221462,2189414, Approved
560,5, Not Graduate, Yes,2805214,570850,16,477,4133517,2624574,1623443,2683277, Rejected
561,3, Not Graduate, No,8123641,2910589,14,839,15064499,11214069,4416770,3149931, Approved
562,1, Not Graduate, Yes,2429180,249605,10,340,7093605,1737365,4977319,2140808, Rejected
563,5, Not Graduate, No,9584451,995172,6,801,6387191,5609046,7369166,8560118, Approved
564,3, Not Graduate, Yes,4388891,919623,18,444,9307938,1696351,6299995,1822126, Rejected
565,1, Graduate, No,9214653,1090652,14,500,6314465,3657103,15773584,1611936, Rejected
566,0, Graduate, Yes,4231419,651693,20,760,6087625,3226892,5740781,3182459, Approved
567,1, Graduate, Yes,4695511,1265113,20,857,11783555,4575229,2602314,1785989, Approved
568,1, Graduate, Yes,1624945,814573,16,846,2573393,495283,3358766,1307481, Approved
569,4, Graduate, Yes,2563999,989765,12,552,7673935,3644568,1335911,1277869, Approved
570,3, Graduate, No,9309096,3317146,10,689,17665389,11000313,18839560,4996564, Approved
571,5, Graduate, Yes,4990691,1231425,16,893,6502398,4804094,11411758,3993144, Approved
572,4, Not Graduate, Yes,9007673,5097233,6,555,9460563,11502530,12301597,4000550, Approved
573,2, Graduate, Yes,4425889,1321161,14,749,6091356,1346544,6953447,2207698, Approved
574,1, Graduate, No,3292195,472582,4,309,4712227,2699239,4786742,1443862, Rejected
575,2, Graduate, Yes,489102,199814,6,541,328570,498454,625276,210610, Rejected
576,4, Not Graduate, Yes,9679413,1518885,4,550,13782859,12363018,22019203,5549710, Approved
577,3, Graduate, Yes,4643778,1265947,10,304,7711440,5658491,10624346,3844674, Rejected
578,4, Graduate, Yes,8243756,2915865,14,418,19017062,4618069,9658654,3508472, Rejected
579,3, Not Graduate, Yes,4362065,2342914,20,673,9342774,6207847,7546980,2494356, Approved
580,3, Graduate, No,460116,159555,20,364,1045344,166400,1083027,323762, Rejected
581,0, Graduate, No,6286368,2835965,2,445,3274626,8409109,15238891,2153052, Rejected
582,1, Not Graduate, No,4414279,2632713,20,523,4609251,6454657,6700513,1543984, Rejected
583,4, Graduate, Yes,1457949,241647,18,538,3140729,627354,2049365,1370576, Rejected
584,3, Not Graduate, No,7737165,1836538,2,476,13230346,8810200,8181190,5812012, Rejected
585,4, Graduate, Yes,4050241,1204088,2,581,2078922,1022164,9792444,2508994, Approved
586,4, Graduate, Yes,5738166,1784076,20,362,14409892,4171931,4508067,3918869, Rejected
587,3, Graduate, Yes,588076,179663,16,516,1430214,512313,976005,74314, Rejected
588,5, Not Graduate, Yes,5084797,2815988,12,760,9513898,4855161,5415820,3337114, Approved
589,2, Not Graduate, No,5740070,2623305,12,404,3823795,8132062,6073089,3206161, Rejected
590,1, Not Graduate, No,6691878,2703201,18,398,16169501,7186581,8765939,3956069, Rejected
591,1, Graduate, No,2160826,550332,8,810,4233671,1784110,5396848,915069, Approved
592,5, Graduate, Yes,3044664,1558548,16,684,7474345,3813677,1857039,527720, Approved
593,0, Not Graduate, No,2813275,1624751,8,704,6693815,4038998,4661831,770852, Approved
594,5, Not Graduate, No,1578369,805913,4,817,3957768,360950,1049843,1508400, Approved
595,0, Graduate, Yes,2290212,230813,16,775,4110976,3383279,1852876,1071428, Approved
596,0, Graduate, No,5430852,2271186,14,736,4620630,1694272,7489828,2824123, Approved
597,5, Graduate, Yes,4371774,548953,8,322,9521258,5502764,6649119,644569, Rejected
598,1, Graduate, No,352999,80767,18,864,724066,199245,359206,47234, Approved
599,2, Not Graduate, No,4742923,615452,18,757,11172585,1763577,5373325,3535675, Approved
600,1, Graduate, No,8649975,3476405,16,382,7998653,6676157,5829512,5054052, Rejected
601,1, Graduate, Yes,9341923,4141227,2,444,9224569,9688915,10336273,5211255, Rejected
602,1, Graduate, No,4800108,754787,14,384,13085208,3337214,11679223,1530332, Rejected
603,5, Graduate, No,3054190,891577,10,377,7253531,827487,7297726,2352568, Rejected
604,5, Graduate, No,1484382,487052,14,756,4112586,1453654,1736365,373192, Approved
605,5, Graduate, No,7396042,2104370,18,300,17726746,10155684,12142140,2003893, Rejected
606,1, Graduate, Yes,4053321,650608,4,350,8077815,2829947,9400424,2086004, Rejected
607,2, Not Graduate, Yes,2854837,883497,8,745,6096024,1373840,1462726,1021037, Approved
608,0, Not Graduate, No,7884365,3749717,8,748,21467705,6113146,16725632,2544416, Approved
609,4, Not Graduate, No,1242377,168346,4,787,2418928,326585,2977653,845703, Approved
610,0, Graduate, No,4777033,669214,6,333,9940902,6050751,3261048,3276445, Rejected
611,0, Not Graduate, Yes,6305931,1749174,16,647,5619793,8035288,5189121,5310006, Approved
612,4, Graduate, No,3457181,1973576,18,394,5824669,3334107,8371538,1645402, Rejected
613,1, Graduate, No,5462696,2372374,12,371,12514997,3600101,8604184,905587, Rejected
614,2, Graduate, Yes,5354048,2352220,20,850,6303624,6637511,2829042,1854105, Approved
615,2, Graduate, Yes,1123780,315737,4,453,1130113,1035106,1140933,1103557, Rejected
616,0, Not Graduate, Yes,8561735,3397556,4,549,10998122,10905184,11985464,5450680, Rejected
617,4, Graduate, No,2142811,225135,14,737,2365131,2187588,4040951,1583030, Approved
618,3, Graduate, Yes,6707640,2804115,16,417,6957711,8181490,13189371,715182, Rejected
619,1, Not Graduate, Yes,498090,277258,16,605,778079,487197,1240664,282110, Approved
620,0, Not Graduate, No,8905956,3618371,12,567,24665902,6576009,9574102,1191401, Approved
621,2, Not Graduate, Yes,5625838,3020227,20,353,9944507,8131190,8868797,3444741, Rejected
622,5, Graduate, No,8680932,4010473,16,535,8418776,7842770,13599956,8061927, Rejected
623,5, Not Graduate, No,2520688,404013,2,688,1745397,2486952,3305354,2449043, Approved
624,4, Graduate, Yes,2005808,1105654,18,700,4493792,976094,1681516,1176401, Approved
625,4, Graduate, No,4420459,588902,2,602,6440595,4479454,10851842,2264973, Approved
626,0, Not Graduate, Yes,4736119,1738078,6,506,12098782,4466586,10450882,4501753, Rejected
627,3, Not Graduate, Yes,4215470,721134,18,528,9058104,1856028,6309150,2977170, Rejected
628,2, Not Graduate, Yes,4854798,513896,10,877,12091377,1347027,8284668,769045, Approved
629,0, Graduate, No,3822138,1188750,18,374,4509607,3767355,3648315,1984274, Rejected
630,3, Graduate, Yes,1137841,281638,18,734,2538406,1357216,1806406,359808, Approved
631,4, Graduate, No,8261896,2833832,12,402,9585079,7273953,15614489,4319516, Rejected
632,5, Graduate, No,3043940,1182874,2,721,8668140,1506154,4658245,1552162, Approved
633,1, Graduate, No,4132441,503618,20,605,8640668,4407159,10250810,2578355, Approved
634,5, Graduate, Yes,1407068,227243,14,397,1845059,427942,2423932,592507, Rejected
635,2, Not Graduate, No,4564406,1731375,12,634,5357606,3534602,5668752,1131257, Approved
636,2, Graduate, No,8982882,2439604,18,734,8779118,3704332,18363742,4970655, Approved
637,5, Not Graduate, Yes,1586980,737289,14,746,3549443,697948,1334531,1344461, Approved
638,5, Not Graduate, Yes,1408052,600035,8,607,1473933,651902,1786862,982272, Approved
639,3, Not Graduate, No,7700960,4026078,14,548,15311496,5411612,9194313,3115277, Rejected
640,0, Not Graduate, No,3240267,1445957,4,465,3763853,863515,4418474,3052236, Rejected
641,4, Not Graduate, Yes,9885684,3113649,12,780,21302881,7089335,20399698,9104584, Approved
642,3, Graduate, No,1380887,602734,12,634,3503792,1194770,2027619,398266, Approved
643,1, Graduate, No,4639850,1102848,4,841,11344726,3843106,9688140,628587, Approved
644,5, Graduate, No,7736765,1958614,8,405,18584702,5397316,12788700,5935474, Rejected
645,1, Graduate, No,2096220,1036565,16,862,2031878,2705990,2482215,1770989, Approved
646,1, Not Graduate, Yes,3338744,1079114,16,380,2407108,1298520,7077995,3242181, Rejected
647,3, Not Graduate, No,8735078,4360465,16,432,19630970,7489506,8530496,7869019, Rejected
648,4, Not Graduate, Yes,7135774,3647887,16,437,10138993,2002682,6770179,4570329, Rejected
649,2, Graduate, No,1567223,828718,2,483,2477568,458416,2364948,904361, Rejected
650,0, Graduate, Yes,9643754,5384277,4,700,5572862,9123238,9853008,1206018, Approved
651,2, Graduate, No,2628081,829140,8,629,3019510,2459421,1361803,846217, Approved
652,4, Graduate, Yes,4473445,1160561,18,807,2613346,6000874,8036969,2297799, Approved
653,2, Not Graduate, No,3384790,1323789,6,368,9132043,3131728,5152285,2253097, Rejected
654,5, Not Graduate, Yes,6881935,1965385,12,845,7628567,9963172,9573016,4139667, Approved
655,5, Graduate, No,6889142,2759356,14,352,13043508,1813933,16767737,5293426, Rejected
656,3, Graduate, No,9759047,4418827,16,749,5830526,3195209,16028242,3433137, Approved
657,1, Not Graduate, Yes,5190961,2305837,14,504,11249427,1335559,11559559,3158478, Rejected
658,4, Not Graduate, Yes,3846804,1105096,6,425,5029959,1695901,2996277,689839, Rejected
659,4, Not Graduate, Yes,847296,155419,12,342,2325656,765659,1388220,400177, Rejected
660,2, Not Graduate, Yes,1749302,551493,10,410,4758618,1817951,3911367,1355962, Rejected
661,3, Graduate, Yes,3322951,569211,20,482,4363787,861510,5536739,2406018, Rejected
662,2, Not Graduate, No,1000101,545103,8,394,2752680,1429906,1936223,991678, Rejected
663,2, Not Graduate, Yes,4300612,1173803,2,673,12860525,5568496,5350336,1505652, Approved
664,4, Not Graduate, Yes,6077845,1077175,14,819,15580793,3559163,4162710,3332910, Approved
665,2, Not Graduate, No,6214126,700480,16,659,16232405,1866374,8797963,2464381, Approved
666,1, Graduate, Yes,5438561,2300028,4,580,6104903,2288835,7010080,2700478, Approved
667,2, Graduate, Yes,6539776,2736576,14,494,12698649,2387199,14610646,5697813, Rejected
668,1, Graduate, Yes,9553526,2582337,12,494,6383090,3441838,9438793,6838300, Rejected
669,4, Graduate, No,9085366,1234300,10,392,6698593,7941792,22108951,8124107, Rejected
670,3, Graduate, Yes,8321757,2536591,8,360,24942232,4323998,20107663,2356388, Rejected
671,5, Graduate, No,4842929,1237895,4,350,6376191,3223364,4819989,4290956, Rejected
672,1, Not Graduate, No,8617233,3779176,20,702,20426804,12808284,10307106,1325210, Approved
673,3, Not Graduate, Yes,3033552,1222186,12,304,7634426,3305384,6950205,2729406, Rejected
674,3, Not Graduate, No,7576519,2138827,10,765,20040333,10862264,18435522,3001562, Approved
675,1, Not Graduate, Yes,5901934,1233187,4,833,17670807,2274153,8185263,2261201, Approved
676,4, Graduate, Yes,1476647,877154,20,704,1629836,1028900,1686322,828221, Approved
677,0, Not Graduate, Yes,5616775,1836689,14,812,3374991,5173899,8718290,5316958, Approved
678,3, Graduate, Yes,8904813,3954957,12,532,13606365,2669533,16701318,1273417, Rejected
679,3, Not Graduate, Yes,3245315,552600,18,823,2678039,666729,3397679,1353321, Approved
680,4, Not Graduate, No,3344480,1146470,20,645,1859747,3583826,6598479,2912757, Approved
681,4, Not Graduate, No,3770834,429001,10,345,5283191,3900420,2274999,1721193, Rejected
682,2, Graduate, No,5028761,1773782,18,845,12367461,3691238,3010160,1404237, Approved
683,4, Not Graduate, No,4140285,2409681,18,377,7930516,3463502,5268824,1996920, Rejected
684,3, Graduate, Yes,7051803,2059855,2,372,9040023,5218869,8511148,3152136, Rejected
685,1, Graduate, Yes,5942533,710120,10,548,12692388,1373952,6722588,5490155, Rejected
686,0, Not Graduate, No,7524222,868881,18,346,8126501,4785277,11151194,5912089, Rejected
687,2, Graduate, Yes,2827144,831161,14,420,1515218,1216256,3227092,1567945, Rejected
688,1, Graduate, No,3025896,544699,12,513,7295082,992346,2676452,2994225, Rejected
689,0, Not Graduate, No,5136792,573656,12,538,10578492,7416174,5747757,2664709, Rejected
690,0, Not Graduate, No,5076872,2427287,14,355,12213718,4971108,12437364,773786, Rejected
691,0, Not Graduate, No,2939956,968014,2,649,1756168,3372873,3887288,987963, Approved
692,5, Not Graduate, Yes,2819980,689830,8,406,7311641,1720111,3918152,1388737, Rejected
693,1, Not Graduate, Yes,921384,506799,2,347,1887745,655188,1523130,222249, Rejected
694,2, Not Graduate, No,9108385,1439757,12,872,17383246,4627070,22467485,8678547, Approved
695,2, Graduate, No,7916220,4575253,8,636,16319565,2581126,7783247,6255112, Approved
696,0, Not Graduate, No,3087698,793487,2,325,8216621,1336173,5751035,1054320, Rejected
697,1, Not Graduate, No,2632593,1432661,18,556,5179208,3255907,5086089,1663072, Approved
698,5, Graduate, No,4231464,1698811,8,307,8261408,4573406,7255474,3170653, Rejected
699,0, Not Graduate, Yes,3590742,1843320,12,552,10688554,3271193,2431494,3400975, Approved
700,4, Graduate, No,8745106,5177160,14,602,20916766,7150145,16211192,7813505, Approved
701,2, Not Graduate, No,7557804,1845636,16,355,12135826,10574611,4747732,4260130, Rejected
702,3, Not Graduate, Yes,6333066,3676773,18,825,14366512,1865438,10717354,5048640, Approved
703,0, Graduate, Yes,3087296,909952,18,773,4547822,1743646,6110260,1870686, Approved
704,4, Not Graduate, Yes,6729845,1970202,16,327,7215663,4407504,6204511,4020634, Rejected
705,2, Graduate, Yes,2936582,793445,20,377,5850052,3574271,6411275,596912, Rejected
706,5, Not Graduate, Yes,8156056,3023480,6,515,23003790,12154717,4573162,1741512, Rejected
707,1, Not Graduate, Yes,1300500,230282,4,685,3671114,666989,2845007,749842, Approved
708,2, Graduate, Yes,1776590,669518,10,664,2406858,2374589,2523926,607550, Approved
709,1, Not Graduate, Yes,5794176,2148784,2,825,10540728,7415442,5418573,689119, Approved
710,1, Not Graduate, Yes,2161977,1039804,6,611,2224868,1063810,1659439,1622683, Approved
711,5, Graduate, No,7249926,3746942,2,306,21670592,5213656,17447775,936965, Rejected
712,5, Not Graduate, Yes,4232654,1355383,6,302,12498158,3100735,2731463,2690906, Rejected
713,0, Graduate, No,864468,217125,8,662,1835933,1272226,776453,505951, Approved
714,0, Not Graduate, No,6700242,1538827,14,807,16824543,2915673,8011108,6512187, Approved
715,2, Graduate, No,8099963,1598219,10,573,18530693,10035087,14097740,4339893, Approved
716,5, Not Graduate, No,7178140,924715,10,805,14233501,4554174,11410386,1128700, Approved
717,4, Graduate, No,9468720,2568144,2,314,5997203,10890272,7113726,5648273, Rejected
718,2, Graduate, No,3237099,761119,16,491,5298842,2414922,3494305,2774150, Rejected
719,3, Not Graduate, No,5028426,2932621,8,784,10996995,4786396,4915304,5014167, Approved
720,1, Not Graduate, No,8300706,3144759,20,327,18210329,10644786,7695465,4045007, Rejected
721,1, Graduate, Yes,2242823,613722,10,338,3213531,2793245,2965659,870818, Rejected
722,0, Not Graduate, No,1248173,487079,4,572,3562572,1655514,2381592,1143311, Approved
723,4, Graduate, No,8579341,1455042,2,530,7879203,2380788,8020876,2334592, Rejected
724,5, Not Graduate, No,6779137,2183030,18,385,11869581,7454784,8361101,4432782, Rejected
725,5, Not Graduate, No,2112584,872744,4,773,4705168,806972,2707983,982653, Approved
726,0, Graduate, Yes,3977538,1370058,12,425,8920979,2945622,9756554,544819, Rejected
727,3, Graduate, No,425049,127892,2,836,901782,388139,1024084,175358, Approved
728,2, Not Graduate, Yes,947419,565537,2,444,1125742,685515,1989840,320896, Rejected
729,2, Not Graduate, Yes,9668532,5222528,18,824,8609986,8464753,9507240,6936998, Approved
730,4, Not Graduate, No,5638684,2321463,8,511,11784008,8432562,3586623,5378805, Rejected
731,0, Not Graduate, No,6230489,2396798,18,324,12450107,2341308,7064179,2126107, Rejected
732,0, Not Graduate, Yes,5737803,2354394,10,879,5441675,6185884,5930530,4764208, Approved
733,3, Graduate, No,2580932,517879,14,693,5840256,1844853,3901986,386685, Approved
734,2, Not Graduate, No,1854753,551916,2,366,3037955,691661,3812362,1083748, Rejected
735,0, Not Graduate, Yes,8993380,1076775,12,532,19510251,3654530,19935138,1470373, Rejected
736,5, Graduate, Yes,771107,260459,16,408,1999802,1105809,1688514,725326, Rejected
737,4, Graduate, No,2286213,849356,2,445,2113194,3071485,2787696,1805459, Rejected
738,2, Graduate, No,3558509,761075,18,410,1949572,4907733,6670313,2463039, Rejected
739,3, Not Graduate, No,2979499,1734111,6,527,7293087,4436451,3353927,2507268, Rejected
740,4, Graduate, Yes,7513834,4168128,2,410,15209830,3537588,4672185,5130204, Rejected
741,1, Graduate, No,9137492,4213038,2,769,20551123,6049669,17389840,8882098, Approved
742,5, Graduate, Yes,2199254,806451,12,333,5707916,2353168,1142853,1633082, Rejected
743,3, Graduate, Yes,5244842,2805909,12,668,13148962,4347676,6914617,4889203, Approved
744,4, Not Graduate, No,9576079,1583176,2,894,27792657,7123706,11096363,5414494, Approved
745,0, Not Graduate, Yes,4356532,2157593,6,853,8015311,2897767,8219708,894648, Approved
746,1, Not Graduate, No,6792910,1103239,14,724,11692222,6602129,13806528,3908368, Approved
747,3, Graduate, No,5761112,2863879,20,817,8668848,5463098,6384402,1233946, Approved
748,0, Graduate, Yes,5582858,1328071,6,581,4936517,2288386,11853825,3535312, Approved
749,5, Graduate, No,5217650,2809940,6,619,10077985,4243315,5675934,2787496, Approved
750,1, Graduate, Yes,7388238,4226227,6,742,8810705,6793583,10289249,4878585, Approved
751,2, Graduate, Yes,8109699,1414315,14,614,22733666,7634251,15846652,884300, Approved
752,0, Graduate, No,3817556,1264900,8,676,7474686,1806235,7199301,1051188, Approved
753,4, Not Graduate, No,458517,270751,8,588,908826,534150,1134708,248606, Approved
754,3, Not Graduate, No,6628540,2264996,6,736,9195850,1542851,6299247,6333259, Approved
755,1, Graduate, No,905475,481507,20,576,570425,598773,1652162,403161, Approved
756,0, Not Graduate, Yes,9336621,3682043,18,881,5409259,11337238,16053048,4499642, Approved
757,2, Graduate, Yes,9840686,2830820,4,802,15335113,9181958,22930736,7313858, Approved
758,3, Graduate, Yes,4538843,1102447,8,815,3228993,2448756,3688827,2920352, Approved
759,3, Not Graduate, No,624226,125851,16,649,1259137,688795,1250696,230360, Approved
760,0, Graduate, Yes,4317923,2076485,12,745,11668895,4048520,7066441,2028278, Approved
761,2, Not Graduate, Yes,5813201,1704838,14,649,15738003,7179981,6099976,1720299, Approved
762,5, Graduate, No,6503745,2312977,14,436,13967530,7515290,9423079,6304856, Rejected
763,5, Graduate, No,898956,311185,4,542,924198,892789,1049578,195586, Rejected
764,1, Not Graduate, No,3603096,1400305,8,842,9575199,3007255,5976191,1566096, Approved
765,0, Graduate, Yes,6478602,3451725,20,339,17590917,2417404,14758263,798520, Rejected
766,1, Graduate, No,9343558,5516153,20,528,9265389,5043025,15310447,2799344, Rejected
767,5, Graduate, Yes,6343326,1927052,12,847,14865998,4724695,11186105,5090037, Approved
768,3, Not Graduate, Yes,375211,192768,6,522,456368,367364,576885,105455, Rejected
769,1, Graduate, Yes,7719817,3722989,18,305,19350499,6699413,4649885,1328249, Rejected
770,2, Graduate, Yes,7612620,2944290,8,621,22785292,4374515,7351637,4011910, Approved
771,4, Graduate, Yes,4457950,2576800,20,767,2563611,929053,6615613,485793, Approved
772,5, Not Graduate, No,8854406,1772981,4,374,24291307,7482955,9921101,1560939, Rejected
773,5, Not Graduate, Yes,6248055,966149,12,303,12849602,3569599,5395365,5166287, Rejected
774,2, Not Graduate, No,2083376,1097899,2,417,6111492,2406280,3142284,1654879, Rejected
775,1, Not Graduate, Yes,4091113,1307417,12,803,6801572,945579,4686859,3778653, Approved
776,0, Not Graduate, Yes,7220988,3780074,20,873,18907939,6934142,7338078,6275499, Approved
777,3, Graduate, No,8744291,4779149,2,740,5736125,12451140,12486592,6250926, Approved
778,4, Not Graduate, Yes,4930741,647055,16,493,6598305,2104105,3779750,725309, Rejected
779,0, Not Graduate, Yes,5805126,3144824,10,691,3875161,4720405,13673924,4670593, Approved
780,0, Graduate, No,2106039,682692,12,325,6188296,671507,4707848,1813214, Rejected
781,2, Not Graduate, No,1655465,588048,4,734,4208911,1677625,3170614,1356113, Approved
782,1, Graduate, Yes,9582778,3960526,4,472,25215820,8774865,6827036,5343655, Rejected
783,5, Not Graduate, Yes,411830,231939,18,599,1171620,300460,844974,127507, Approved
784,5, Graduate, Yes,5639381,617839,6,625,4019517,4950192,11932448,4854362, Approved
785,2, Graduate, No,6187029,2093825,12,709,9057773,8448679,12593878,4667782, Approved
786,1, Not Graduate, Yes,6716616,2981244,20,417,4551093,3057286,4889238,6600318, Rejected
787,2, Not Graduate, No,3529049,1628139,10,524,3624272,809330,6309289,847407, Rejected
788,5, Graduate, No,4955976,2211684,8,831,5319816,6542702,10747775,1502147, Approved
789,0, Graduate, Yes,9110606,1523453,20,412,15239930,8657373,15075381,2647709, Rejected
790,3, Graduate, No,7097673,1772273,4,439,8314252,9637617,12724812,5772436, Rejected
791,1, Graduate, Yes,3946169,1102392,16,858,2969276,3851574,5590644,1058427, Approved
792,4, Graduate, Yes,6202296,3114908,20,300,5698221,7772775,9659546,992329, Rejected
793,4, Graduate, No,275388,65922,14,389,239088,208902,156627,275031, Rejected
794,0, Graduate, No,7010183,1439558,4,619,20558707,8235688,12463586,857594, Approved
795,2, Not Graduate, No,1975767,1143423,12,849,4738346,2740297,1309724,1682799, Approved
796,2, Graduate, No,8183823,854650,16,438,23891882,7723563,11212076,3509470, Rejected
797,5, Not Graduate, No,8573296,5134636,14,810,13711711,3729561,9304685,7351206, Approved
798,0, Not Graduate, No,7667866,3361674,2,558,9170163,4213008,12198469,4594266, Approved
799,5, Graduate, Yes,5694339,2928226,10,309,14211549,2609362,4366605,5190208, Rejected
800,5, Graduate, Yes,6077809,1503101,4,560,7996176,3166016,11446257,5674082, Approved
801,4, Not Graduate, Yes,6596567,706872,12,471,8235539,3946990,13786977,713671, Rejected
802,5, Graduate, No,8202619,3846493,14,312,8869204,7560140,6781178,1376981, Rejected
803,5, Graduate, No,4221080,2182603,14,467,3479003,4070763,2991167,1373213, Rejected
804,4, Not Graduate, No,7867857,3699765,6,895,8978465,5935902,6223718,5526255, Approved
805,2, Not Graduate, Yes,4628690,793473,14,620,6426007,4628907,10434248,4163251, Approved
806,1, Not Graduate, Yes,5639433,2688396,10,618,12322079,1725933,8777092,2898373, Approved
807,3, Graduate, No,9089782,4403648,16,628,5966642,2855325,13039492,5874506, Approved
808,5, Graduate, No,3081777,1322915,16,849,3162727,1304757,2198612,831000, Approved
809,1, Not Graduate, No,2948996,1424536,14,718,7439016,2575950,5305574,2431359, Approved
810,4, Graduate, No,395246,206698,12,394,342798,189003,883769,383623, Rejected
811,1, Not Graduate, Yes,3896176,1584972,4,880,5285602,2214078,8401603,1331475, Approved
812,3, Graduate, Yes,9099691,1313106,12,617,24220168,6555478,15943654,4962456, Approved
813,1, Not Graduate, Yes,1212384,416834,18,535,1075764,1522058,788725,215203, Rejected
814,1, Graduate, No,8343478,1158280,4,633,5897521,1819051,6047303,5032977, Approved
815,1, Not Graduate, Yes,1066964,324113,2,675,1825943,1114115,638703,589503, Approved
816,1, Graduate, No,8637712,2622005,10,758,10849387,9238374,8766918,1986611, Approved
817,0, Graduate, No,1063663,141472,12,436,2030023,1317083,820427,529554, Rejected
818,5, Not Graduate, No,5983182,1641846,6,887,15014868,8451716,6103420,2397426, Approved
819,4, Graduate, Yes,7180571,1116571,16,846,6052296,1624095,9120158,4090396, Approved
820,3, Graduate, Yes,5534538,2790058,14,812,10802021,2213365,13205217,3470647, Approved
821,4, Not Graduate, No,6549449,3758362,4,595,11551734,8855003,11269978,705022, Approved
822,0, Graduate, Yes,1406861,191555,14,619,1210177,1119965,3052814,1104252, Approved
823,0, Graduate, No,3319612,1917267,2,871,6838388,3100410,6375988,2462198, Approved
824,0, Graduate, No,3091005,1116743,18,648,3660062,3282447,2240997,1328074, Approved
825,5, Not Graduate, No,5136600,1283034,14,528,8832824,5561841,10128557,758379, Rejected
826,0, Not Graduate, Yes,4936319,683339,12,569,3483465,6966442,5184111,3847560, Approved
827,1, Not Graduate, Yes,457681,160331,4,590,754697,684706,813855,439217, Approved
828,4, Not Graduate, No,8682626,4317503,6,464,10993582,9865240,10262203,2744894, Rejected
829,2, Not Graduate, Yes,5829481,2643921,2,304,14899879,3342551,14546563,2280330, Rejected
830,3, Graduate, Yes,2254780,282102,20,678,1448576,3029698,2315891,598489, Approved
831,0, Graduate, Yes,8191208,1117697,10,377,12667852,2162373,8668435,5072344, Rejected
832,4, Not Graduate, Yes,4623408,1393664,18,709,7610492,2313576,10917459,1106646, Approved
833,0, Graduate, No,1042186,258092,12,873,2410070,1424252,572461,438316, Approved
834,5, Graduate, Yes,5552727,1200456,10,431,10748518,2959875,10513411,4038563, Rejected
835,0, Graduate, No,7316355,1759599,6,341,15862083,3561940,14271668,4419842, Rejected
836,0, Graduate, No,7426585,3726224,10,388,18140348,2818855,16136165,3325745, Rejected
837,0, Not Graduate, Yes,5738917,3240273,16,701,15239736,7557265,14053911,2744491, Approved
838,0, Not Graduate, No,1324905,400851,4,595,1702090,1126269,3247612,802759, Approved
839,3, Graduate, No,3305958,1828378,10,594,6099680,3561710,2084583,348045, Approved
840,4, Graduate, Yes,5759277,1501719,12,825,14975676,2941759,12346039,982871, Approved
841,5, Not Graduate, No,3458084,1169587,20,721,10283054,4099394,6199030,3088526, Approved
842,0, Graduate, No,8793059,1873049,16,322,23950518,10446217,15780764,1495620, Rejected
843,0, Graduate, Yes,2180290,916240,16,874,3114910,1322078,1649825,1604962, Approved
844,0, Graduate, Yes,603322,355652,10,442,596031,442770,1086205,559903, Rejected
845,0, Not Graduate, Yes,4510796,1812196,18,444,7774272,2131790,11118954,1549978, Rejected
846,1, Not Graduate, Yes,5381057,1500814,8,524,12667565,7907621,12503623,2332377, Rejected
847,1, Graduate, Yes,7217403,3059520,18,802,12496375,7500926,9947467,4417261, Approved
848,2, Graduate, No,4277716,690681,14,403,7306134,6052570,2480630,3822302, Rejected
849,0, Graduate, No,7141447,3887300,12,338,18536168,4244884,8745323,6768056, Rejected
850,2, Graduate, Yes,5237285,1841125,8,497,7350578,6370938,11274725,4009701, Rejected
851,3, Graduate, Yes,2108802,684675,4,878,5587242,2521317,4013046,375277, Approved
852,2, Graduate, No,7534901,2960706,16,690,11430535,8282004,10689668,5291299, Approved
853,4, Not Graduate, Yes,1748075,720892,12,478,2308477,2544027,1066680,820325, Rejected
854,1, Not Graduate, Yes,693948,94299,6,853,1134587,493828,939459,363372, Approved
855,1, Graduate, No,4368962,1928060,14,747,10512235,1616221,6282785,630150, Approved
856,0, Not Graduate, No,6720645,1485032,20,799,5477359,7212740,15841306,1827719, Approved
857,0, Graduate, No,6889921,3148530,14,314,6828242,7910337,12279025,5590910, Rejected
858,3, Graduate, Yes,8583190,4388305,12,588,24707674,8133248,9641547,4365092, Approved
859,5, Not Graduate, No,7428161,3728782,4,777,6973030,3482791,11518377,2759532, Approved
860,3, Not Graduate, Yes,980641,368966,16,530,1882162,839225,619873,436990, Rejected
861,4, Graduate, No,4666134,1680204,2,719,9090964,2826961,11409334,4054681, Approved
862,0, Graduate, Yes,1754205,300737,2,456,3024356,1325664,2140340,1357928, Rejected
863,0, Not Graduate, Yes,6806963,3319572,12,849,14375374,7070965,9909132,2348973, Approved
864,3, Not Graduate, Yes,6851143,1614846,10,740,7362010,8007473,8293774,1409634, Approved
865,3, Graduate, No,2751331,958419,18,396,5177057,1380871,5131296,899130, Rejected
866,3, Graduate, No,3327748,805771,14,710,4760121,2419016,6071357,3090415, Approved
867,1, Graduate, No,9423644,1572939,4,588,20300113,5182156,18193707,5874981, Approved
868,2, Not Graduate, Yes,4201070,1742514,14,553,3583759,1925018,4353511,2437175, Approved
869,2, Graduate, No,7565624,962090,6,495,14580421,9217981,8559270,4817443, Rejected
870,0, Not Graduate, No,3083791,1462711,2,897,2970233,4261887,2314392,1324258, Approved
871,1, Graduate, Yes,3696605,956656,16,821,4423385,2518503,6694625,3054860, Approved
872,3, Not Graduate, Yes,5148600,515206,6,816,5389423,6058165,2984098,2939632, Approved
873,0, Not Graduate, No,6616438,2352570,16,417,6332556,9038675,11217275,1356853, Rejected
874,1, Not Graduate, No,9894095,1221188,14,458,25371203,12861942,22156754,2138693, Rejected
875,4, Not Graduate, No,5511499,1312204,4,527,6692441,2412148,12575390,3214158, Rejected
876,5, Graduate, Yes,508623,230654,2,515,1433202,734034,711093,479587, Rejected
877,1, Not Graduate, No,3847371,505332,14,314,11252853,2653452,5457908,1452447, Rejected
878,0, Not Graduate, Yes,3496903,1817232,2,456,6742557,2241559,2286759,3086321, Rejected
879,2, Not Graduate, Yes,9779010,996578,12,560,8385528,2749473,18008340,7702789, Approved
880,3, Graduate, No,6198223,1384756,20,456,8902945,5157081,13279809,2002219, Rejected
881,5, Graduate, No,1347116,633753,20,346,3360152,460333,1332715,178771, Rejected
882,4, Graduate, Yes,3972763,1025509,16,623,5635272,2078159,5333838,761429, Approved
883,5, Graduate, Yes,6678450,1008086,14,429,4792075,4087381,14543518,5046534, Rejected
884,5, Graduate, No,510375,142964,8,710,965610,638721,1150508,142753, Approved
885,1, Graduate, No,2326453,547173,2,394,6078561,3113108,2294720,1010015, Rejected
886,0, Not Graduate, No,1471300,767071,2,591,3663266,872784,2355759,811464, Approved
887,0, Not Graduate, Yes,5438631,1395954,8,582,5100390,7158911,4813113,4094861, Approved
888,5, Not Graduate, Yes,4042411,1998835,10,368,8820183,5313345,2844877,816195, Rejected
889,3, Graduate, No,6510208,3554157,14,310,6843925,7773489,15118271,3031997, Rejected
890,0, Not Graduate, Yes,9604024,3043598,8,553,10041187,3752327,20562359,5153189, Approved
891,5, Not Graduate, Yes,6327764,3511729,20,849,16991181,6944212,12782524,3712779, Approved
892,0, Graduate, No,6059046,1748998,2,433,6811412,8655536,3620477,5068540, Rejected
893,3, Not Graduate, Yes,6234207,3628552,20,322,7219949,6778469,13637063,1586670, Rejected
894,4, Graduate, No,8140879,1177535,14,645,4083737,5137724,11202567,6732900, Approved
895,5, Not Graduate, No,3541861,1570849,4,601,9480402,3013249,4196362,2562857, Approved
896,2, Graduate, Yes,7559201,2622339,4,662,18758059,7857355,12041449,4537665, Approved
897,2, Graduate, Yes,2815804,827351,16,695,5823990,2432126,1922367,2054340, Approved
898,5, Graduate, No,4512717,1878896,20,517,10720701,1606251,9085421,2124659, Rejected
899,1, Not Graduate, Yes,2182243,986217,20,440,1920638,1321748,3633151,490039, Rejected
900,4, Not Graduate, No,3613654,369249,20,509,5947384,4492186,3155371,2526626, Rejected
901,1, Graduate, Yes,6186417,1135062,10,759,8525182,8165102,5422174,3539899, Approved
902,2, Graduate, Yes,8063020,3680954,20,655,5921815,3051772,7002711,5446064, Approved
903,3, Not Graduate, Yes,3470209,1503269,4,623,5952540,4990517,2130724,1402654, Approved
904,5, Not Graduate, No,8804008,5132945,10,432,24667502,5524245,14751968,8066055, Rejected
905,0, Graduate, Yes,7523988,3615418,16,426,4515504,7983010,16407533,4729826, Rejected
906,2, Not Graduate, No,3524664,2028043,12,405,4330586,4149843,1885682,623379, Rejected
907,4, Not Graduate, No,8410880,3795579,6,677,8569444,10560113,5029784,4246010, Approved
908,2, Not Graduate, No,3794058,944819,16,350,4155884,5423509,6243276,2962098, Rejected
909,4, Graduate, Yes,4784258,730472,18,328,13257592,2903065,10233486,3897835, Rejected
910,4, Graduate, No,8317654,4083235,10,761,13891918,10946518,9594229,4534263, Approved
911,5, Not Graduate, No,4412377,1862352,4,595,7349910,1637843,5291449,3994404, Approved
912,4, Graduate, Yes,9833233,1220235,4,596,23613910,10979327,16644644,3352164, Approved
913,1, Not Graduate, No,433782,121469,14,706,384430,505169,454788,203677, Approved
914,3, Not Graduate, No,7106117,4110177,2,704,12209470,7681998,3931222,6457593, Approved
915,2, Graduate, Yes,6312674,2210702,20,645,9942228,3333149,12438852,5723266, Approved
916,3, Graduate, No,5009109,1584704,4,719,9979531,6686940,8772451,3592239, Approved
917,0, Graduate, Yes,3935466,1294177,20,481,11802046,1650990,6538823,3435986, Rejected
918,2, Not Graduate, No,1783246,364569,8,300,4321914,480986,3536833,320798, Rejected
919,3, Not Graduate, No,926331,263405,2,866,1384553,1049259,1714140,813777, Approved
920,3, Graduate, Yes,1994291,568186,8,670,5123099,1631566,1818322,774897, Approved
921,5, Graduate, No,6553385,826889,20,730,6073486,8544483,7896580,1707146, Approved
922,5, Graduate, No,5152075,2492490,10,608,2968415,3598293,3875495,1625133, Approved
923,0, Not Graduate, No,4098606,1263404,18,436,4144186,1716341,3113768,1951640, Rejected
924,4, Not Graduate, Yes,3078117,1573194,2,501,4158624,3962690,5701877,1003690, Rejected
925,2, Not Graduate, Yes,4681617,2458663,10,735,8316667,4277043,10380082,1818858, Approved
926,5, Graduate, Yes,7574626,1560350,4,612,15435745,3377938,18371991,1677632, Approved
927,2, Graduate, Yes,5487913,2352540,18,416,15237268,6237008,9640585,2011644, Rejected
928,0, Not Graduate, Yes,3933149,1322092,12,874,6979903,3400001,3414770,2419104, Approved
929,5, Graduate, No,5516741,2979472,4,543,9671890,5437337,3924061,2745507, Rejected
930,5, Graduate, Yes,3004802,624609,6,836,1879826,2401341,6387313,1238119, Approved
931,4, Graduate, Yes,4357263,1912431,16,374,2558928,5565626,7222219,3362965, Rejected
932,2, Graduate, Yes,4688198,1893450,2,685,8803966,5993540,8141384,4238876, Approved
933,2, Not Graduate, No,9715406,2406027,6,509,15500410,10902681,20042145,7588803, Rejected
934,2, Graduate, No,2933460,493702,20,774,7620985,988639,5592801,1169865, Approved
935,4, Not Graduate, Yes,7284609,3101931,2,717,6568524,9400860,15799708,5609134, Approved
936,5, Not Graduate, No,6416538,3011273,16,646,3608848,6880561,3929666,1519321, Approved
937,0, Graduate, No,4315362,1112559,2,828,7002093,4773357,8609325,937668, Approved
938,2, Not Graduate, No,1452557,613583,10,478,1588656,975940,3198102,597094, Rejected
939,3, Not Graduate, No,1690687,503090,8,481,1055049,2270699,1812873,1398083, Rejected
940,4, Graduate, Yes,9511768,4343106,14,324,21986410,10871789,16939455,3060063, Rejected
941,1, Not Graduate, Yes,4257025,849734,10,479,3316147,1474495,4803304,668046, Rejected
942,0, Not Graduate, No,5472864,2983299,16,800,11059556,3995800,13222122,1196031, Approved
943,3, Not Graduate, No,3988963,972129,2,460,4797224,5394252,2261132,3481848, Rejected
944,2, Not Graduate, No,4074910,1156838,10,476,3804906,1065001,6762662,2731839, Rejected
945,1, Not Graduate, No,3568045,460441,8,584,5171448,5173100,2972206,1169894, Approved
946,0, Not Graduate, Yes,5385773,838867,6,362,13483899,5832314,10364599,3230204, Rejected
947,4, Not Graduate, No,5032691,1801355,10,455,7449560,5137314,4286748,2892899, Rejected
948,1, Not Graduate, Yes,1168616,273218,20,768,2777711,644757,1134453,806219, Approved
949,5, Graduate, No,4417733,2287237,6,348,3594778,2312371,6576862,1368917, Rejected
950,1, Graduate, Yes,8114520,871066,16,383,19733932,11560559,18904152,7124245, Rejected
951,3, Graduate, No,9839564,2849016,6,660,10748083,5783244,9086136,3723602, Approved
952,0, Not Graduate, Yes,1690036,454066,2,447,3707064,2041828,1332559,1224800, Rejected
953,3, Not Graduate, Yes,3069729,336638,18,641,5876854,2182756,6194570,351521, Approved
954,3, Not Graduate, Yes,7785159,1262629,18,775,21976427,2966381,11687384,3389591, Approved
955,2, Graduate, No,7379156,2264082,12,362,10834861,1578622,17145987,3073705, Rejected
956,4, Graduate, Yes,9654531,3344641,20,659,6424250,8761820,7658255,5687831, Approved
957,1, Graduate, No,9144718,2763029,2,860,5010287,13429132,16386015,1513109, Approved
958,0, Not Graduate, Yes,9552771,3491240,16,626,24523361,6494709,9225667,7748426, Approved
959,5, Graduate, Yes,8104428,3222043,4,440,14683919,5384177,6593121,2398932, Rejected
960,4, Graduate, No,4402271,462070,18,514,10733221,2849674,8218418,3122680, Rejected
961,4, Not Graduate, Yes,4242879,1408837,16,734,4608038,3719761,7159303,3491426, Approved
962,0, Graduate, No,2522523,1467476,6,617,3437465,1949568,5069400,1527865, Approved
963,4, Not Graduate, No,9801869,3523930,10,331,5638620,13172624,10967557,7516023, Rejected
964,2, Graduate, No,4946771,2170500,18,584,14364091,4240258,6905411,3441341, Approved
965,4, Not Graduate, No,8840145,2262475,2,604,19180195,7603277,11588929,3712655, Approved
966,2, Not Graduate, Yes,1956124,952623,18,728,5541724,743098,4828064,1619617, Approved
967,1, Not Graduate, Yes,1041531,506663,8,776,1212072,1538926,1129538,380399, Approved
968,1, Not Graduate, No,1064645,383962,8,585,2159801,558901,1160073,653789, Approved
969,3, Not Graduate, Yes,1628127,957349,8,443,3575773,480905,1968562,1255054, Rejected
970,2, Graduate, Yes,5330076,867603,20,723,6896448,5661021,8683696,2350885, Approved
971,5, Not Graduate, No,9059690,982739,18,318,23738861,8823923,9101776,3374651, Rejected
972,1, Not Graduate, Yes,4454849,2160954,12,317,12776077,3295204,10382381,2287170, Rejected
973,4, Not Graduate, No,7774587,3915109,16,889,21085751,5821998,8018484,6500854, Approved
974,0, Not Graduate, Yes,6715350,1075151,8,670,15765408,8196642,15389107,6291810, Approved
975,0, Graduate, Yes,8536900,1987317,6,474,10190170,3879393,6035162,5041680, Rejected
976,2, Not Graduate, No,1815777,197513,2,493,2186268,2299371,3292231,1262545, Rejected
977,5, Graduate, Yes,3712664,915744,20,801,10797914,3873686,8590996,3389462, Approved
978,3, Not Graduate, Yes,1173181,570835,14,412,616754,873621,982537,221370, Rejected
979,4, Not Graduate, No,1691633,607262,8,413,3874050,1345587,4121924,522495, Rejected
980,2, Graduate, Yes,2261774,619834,16,521,5124310,1206976,3179526,1669211, Rejected
981,0, Graduate, No,2990358,854852,6,563,6150340,3521890,7151232,2515997, Approved
982,2, Graduate, Yes,4060562,408804,2,354,12081276,3519439,7526820,3538073, Rejected
983,4, Not Graduate, No,7176610,1793436,10,757,9183897,4428764,7917047,3398817, Approved
984,5, Graduate, No,1965524,831867,4,461,2653319,1916120,1722988,354592, Rejected
985,5, Not Graduate, No,1450632,851662,6,679,1011596,2167903,1606531,716617, Approved
986,1, Graduate, No,6410715,3356204,12,386,10301989,4909588,4397973,1972327, Rejected
987,4, Graduate, No,8726086,975554,6,354,10057872,12189459,6873851,3159513, Rejected
988,1, Not Graduate, Yes,3443087,1891219,6,775,4677319,2232917,2442253,2737394, Approved
989,1, Graduate, Yes,1109711,545533,12,477,2870189,300900,1493545,186403, Rejected
990,1, Graduate, No,3911584,1917411,10,690,11103857,1820900,8179735,3304596, Approved
991,2, Not Graduate, Yes,7113283,2340255,20,648,6859571,5294442,5568043,3449246, Approved
992,0, Not Graduate, No,1819715,544099,18,307,2604507,883517,1384149,1158171, Rejected
993,5, Not Graduate, Yes,2790310,701645,2,612,7873072,558885,4985887,504172, Approved
994,2, Graduate, Yes,6514768,865470,6,742,4264053,9052283,5826586,2629511, Approved
995,0, Graduate, No,9549220,2044656,6,627,6979537,12385751,6638809,1725838, Approved
996,5, Graduate, No,8524454,1903526,12,353,7731487,9930817,7106813,8229417, Rejected
997,4, Graduate, Yes,9015995,3083817,16,538,17924087,3770119,21164712,7452039, Rejected
998,5, Graduate, Yes,6926451,3281213,6,528,6068822,2469090,14842986,3557906, Rejected
999,5, Not Graduate, No,8264220,2784256,6,878,24133100,2379154,9984244,2489532, Approved
1000,5, Graduate, Yes,1744613,224919,12,350,2820666,1991018,3160613,1640127, Rejected
